,actual,predict
0,0.6166694,0.80624235
1,0.51018274,0.8185942
2,0.37090603,0.34066117
3,0.5263245,0.24462266
4,0.46538016,0.5540955
5,0.51815796,0.39957651
6,0.4278749,0.6244738
7,0.52320117,0.605945
8,0.47844285,0.7222621
9,0.53373504,0.73415154
10,0.6024072,1.0328555
11,0.52263105,1.1341267
