,actual,predict
0,-0.5335443,0.48638132
1,0.5749467,0.50194556
2,1.5438155,0.88066334
3,0.7289223,0.7415871
4,-0.63192964,0.7031801
5,0.67633015,0.67020035
6,0.012302678,0.78488857
7,0.6742461,0.7852499
8,0.2941535,0.57319224
9,0.60783637,0.5541446
