,actual,predict
0,67.29437,66.0
1,65.52635,75.0
2,64.347664,74.0
3,64.93701,72.0
4,59.96941,48.0
