,actual,predict
0,63.759575,51.0
1,64.28948,52.0
2,64.024536,75.0
3,63.759575,74.0
4,60.073837,56.0
