,actual,predict
0,70.14263,77.0
1,70.231674,61.0
2,70.231674,52.0
3,70.14263,54.0
4,70.10204,69.0
