,actual,predict
0,71.999435,44.0
1,73.81076,62.0
2,72.90509,58.0
3,71.09377,71.0
4,41.33635,74.0
