,actual,predict
0,68.25122,51.0
1,64.80009,74.0
2,61.84198,73.0
3,63.81405,71.0
4,64.311104,40.0
