,actual,predict
0,70.0,72.99991435825817
1,73.0,69.0002195510041
2,65.0,71.99527249980059
3,64.0,67.85975962466979
4,51.0,68.1729181157971
