,actual,predict
0,64.0,68.48693660615955
1,73.0,59.01509514273613
2,71.0,65.8362315537843
3,70.0,64.97408805416144
4,59.0,63.03100176815761
