,actual,predict
0,66.0,73.04724526522719
1,58.0,69.01068685575675
2,71.0,64.99931023522024
3,75.0,66.93282999913018
4,45.0,66.94325697671985
