,actual,predict
0,49.0,58.6066485695063
1,56.0,64.21049051898049
2,52.0,67.60453962826938
3,44.0,67.40293596636404
4,46.0,67.26711770413841
