,actual,predict
0,68.0,67.16340831232748
1,55.0,55.27083968430949
2,64.0,52.56687020148806
3,76.0,50.599380380700424
4,80.0,48.633831594631005
