,actual,predict
0,45.0,48.92214420887067
1,48.0,60.45660083095443
2,75.0,63.230820467085024
3,65.0,63.098469573850515
4,71.0,66.57879266080555
