,actual,predict
0,76.0,66.02889422151519
1,51.0,54.01537816675844
2,72.0,52.54319755772864
3,56.0,48.022767520294565
4,57.0,44.649896221502544
