,actual,predict
0,80.0,59.5596948385317
1,42.0,59.488296630901495
2,59.0,60.947004520989296
3,59.0,62.1301240327227
4,70.0,63.08106841479255
