,actual,predict
0,77.0,78.87103136285091
1,53.0,70.02330100327912
2,59.0,71.96586407472475
3,51.0,72.03159160429385
4,63.0,71.92168990848839
