,actual,predict
0,64.0,53.89193745680201
1,55.0,47.48601499729908
2,63.0,46.7020944454122
3,60.0,51.220726529677265
4,31.0,50.66445936665325
