,actual,predict
0,58.0,48.464641628787646
1,60.0,60.23282330606463
2,72.0,67.49359063799064
3,64.0,68.69940642095533
4,61.0,70.88036116512286
