,actual,predict
0,74.0,68.31911714427487
1,63.0,68.1574884951588
2,57.0,68.0528731072449
3,73.0,67.90304549236775
4,67.0,68.13769225791319
