,actual,predict
0,47.0,59.71424705139937
1,62.0,68.00163491807204
2,70.0,67.00671350912461
3,73.0,66.75453610785621
4,75.0,67.10231064895993
