,actual,predict
0,69.0,49.2682286219012
1,65.0,50.094989064207326
2,72.0,49.10484583182357
3,59.0,48.11441722042746
4,54.0,49.67389794028773
