,actual,predict
0,48.0,68.05218159374672
1,76.0,73.99061036172893
2,62.0,68.0091548486104
3,57.0,68.50336548350566
4,70.0,72.74908355859236
