,actual,predict
0,75.0,47.39554457760936
1,65.0,45.37270634432001
2,43.0,51.84747037769936
3,76.0,55.781352538152824
4,66.0,51.76748760366775
