,actual,predict
0,58.0,79.59700663218162
1,35.0,72.24184375261049
2,68.0,68.75786477946582
3,73.0,67.90158498756257
4,75.0,67.5621566731331
