,actual,predict
0,68.0,59.00008887062294
1,66.0,62.00027511390872
2,66.0,63.99993167994512
3,74.0,65.00589653005869
4,27.0,66.25403759960045
