,actual,predict
0,62.0,75.0520165728564
1,57.0,61.08639043921941
2,77.0,68.4964244250112
3,75.0,65.26062029555649
4,69.0,52.93422175857174
