,actual,predict
0,53.0,54.04283365976097
1,66.0,56.31997445186036
2,73.0,56.828432288239256
3,66.0,59.99027326119144
4,76.0,55.070456194293286
