,actual,predict
0,72.0,55.002354827545716
1,44.0,75.00102587193106
2,74.0,74.00168140407935
3,39.0,75.49931975320513
4,59.0,74.3363783206054
