,actual,predict
0,62.0,51.012342200855
1,66.0,72.41282040322132
2,74.0,73.08973750430044
3,56.0,68.28719145422164
4,72.0,68.64397777389884
