,actual,predict
0,52.0,65.58081570493889
1,70.0,74.00129173385548
2,36.0,75.99922342704251
3,71.0,75.99792471789547
4,76.0,77.99533821230861
