,actual,predict
0,73.0,54.99220461671193
1,75.0,59.21114923825313
2,75.0,61.055880742980136
3,78.0,66.99483505311989
4,38.0,69.1772459002515
