,actual,predict
0,63.0,60.987694442713426
1,42.0,61.75061239767845
2,61.0,61.94144013547523
3,74.0,68.34948505421667
4,57.0,62.00726904344437
