,actual,predict
0,60.0,81.18897817488315
1,74.0,72.77059917738438
2,61.0,68.09259093315251
3,47.0,65.49513908083335
4,61.0,64.99731419427272
