,actual,predict
0,34.0,75.99929572629188
1,47.0,53.258036187207296
2,72.0,48.15132610497865
3,65.0,41.43487198987657
4,74.0,35.22787670190548
