,actual,predict
0,46.0,49.70279064264564
1,65.0,49.925391138748125
2,53.0,54.832708374486515
3,78.0,52.71131932540929
4,64.0,56.748911205217766
