,actual,predict
0,44.0,42.99985796937496
1,63.0,44.21623119657689
2,69.0,45.197871543282474
3,52.0,46.37179746682417
4,56.0,47.891683036433434
