,actual,predict
0,72.0,71.4507537410347
1,64.0,67.9144870356237
2,74.0,63.18189963815518
3,71.0,60.947673742095276
4,74.0,59.32798948256108
