,actual,predict
0,63.0,72.8919850940433
1,57.0,68.6557577244019
2,77.0,69.99899259177984
3,63.0,72.3150064597396
4,60.0,68.47447765134267
