,actual,predict
0,37.0,74.42911422806445
1,50.0,71.39424420400218
2,68.0,52.14679953822086
3,74.0,54.492847161237925
4,68.0,42.81939150581115
