,actual,predict
0,53.0,46.333229054487596
1,74.0,62.08248029311983
2,70.0,66.0400101546661
3,76.0,69.52243145807294
4,63.0,71.01333532065269
