,actual,predict
0,61.0,77.25089168788959
1,56.0,65.3135089963893
2,71.0,56.109285868360374
3,68.0,50.113549588011765
4,72.0,46.137067020832845
