,actual,predict
0,62.0,66.2352082415785
1,74.0,67.85882638710878
2,66.0,68.99797553595185
3,71.0,70.59341780861575
4,51.0,70.17558861779881
