,actual,predict
0,76.0,69.57207604887175
1,62.0,71.68312129781198
2,62.0,69.32734881557478
3,71.0,68.88729820734854
4,63.0,73.95461621031048
