,actual,predict
0,38.0,71.77310719143752
1,70.0,72.99979130794223
2,77.0,73.33333010078049
3,64.0,74.00010423081724
4,65.0,74.99990650868138
