,actual,predict
0,73.0,36.07699705269127
1,76.0,48.83772193418184
2,56.0,45.032505594846235
3,72.0,52.40847553784644
4,73.0,54.90190831034763
