,actual,predict
0,73.0,63.950317717979175
1,51.0,69.9749315761604
2,60.0,72.98675789701292
3,72.0,74.49287294036085
4,38.0,75.24642025008477
