,actual,predict
0,49.0,55.821369446795515
1,39.0,55.34871093037062
2,55.0,56.56548881848257
3,50.0,55.96774048633197
4,69.0,55.09792375792849
