,actual,predict
0,63.0,44.97583099793135
1,78.0,71.99846461110074
2,57.0,72.88900542528442
3,60.0,73.97156663526911
4,59.0,74.98851532755769
