,actual,predict
0,72.0,57.50521330348839
1,64.0,71.16535416549588
2,72.0,74.08280039416336
3,80.0,76.53727192766107
4,74.0,77.76361937182054
