,actual,predict
0,39.0,41.54887765242685
1,58.0,62.980891060131654
2,67.0,62.23886877358001
3,66.0,61.68916017002336
4,56.0,61.002492257278384
