,actual,predict
0,65.0,60.63653673446118
1,39.0,59.31857376351206
2,60.0,56.21887970118581
3,40.0,62.99093774344229
4,74.0,57.17659691205719
