,actual,predict
0,72.0,61.52978818026912
1,73.0,68.21172499462669
2,73.0,70.65779796503004
3,61.0,72.52254011870677
4,56.0,74.01184468919814
