,actual,predict
0,72.0,67.99967536040785
1,64.0,67.02507305145727
2,62.0,68.78710774471008
3,67.0,70.6698694595857
4,35.0,72.28403076464357
