,actual,predict
0,71.0,65.59997423467279
1,72.0,71.99958287684238
2,66.0,71.99901483128934
3,75.0,71.9986184195478
4,66.0,71.99977616255329
