,actual,predict
0,66.0,30.021616452865544
1,66.0,65.99508103519867
2,75.0,63.011058757403504
3,70.0,63.000081375305584
4,64.0,62.004032387998635
