,actual,predict
0,71.0,61.28052531405899
1,65.0,63.607252900414196
2,74.0,65.27589103278933
3,79.0,66.90705610022556
4,73.0,67.50295658094083
