,actual,predict
0,75.0,76.09297175787718
1,54.0,73.82519155372921
2,53.0,72.22231827905584
3,76.0,71.15104860554494
4,75.0,70.76996290061902
