,actual,predict
0,75.0,43.358734
1,70.0,45.73002
2,68.0,45.73002
3,59.0,44.88797
4,62.0,58.999233
