,actual,predict
0,70.0,29.939026
1,35.0,31.92277
2,52.0,28.559948
3,72.0,28.563488
4,73.0,42.678455
