,actual,predict
0,70.0,71.69604
1,69.0,71.54461
2,50.0,70.901215
3,70.0,72.34591
4,68.0,74.40668
