,actual,predict
0,60.0,78.35724
1,60.0,78.35724
2,41.0,76.72447
3,72.0,66.20117
4,60.0,71.96745
