,actual,predict
0,71.0,42.262367
1,72.0,43.71756
2,63.0,44.71967
3,76.0,44.59748
4,78.0,44.54621
