,actual,predict
0,76.0,50.877346
1,56.0,53.96271
2,35.0,53.96271
3,52.0,52.453106
4,61.0,55.93875
