,actual,predict
0,41.0,75.127266
1,63.0,72.211784
2,78.0,71.62024
3,57.0,64.844696
4,75.0,68.49065
