,actual,predict
0,56.0,69.30998
1,45.0,69.30998
2,73.0,71.81342
3,72.0,70.760254
4,68.0,67.5168
