,actual,predict
0,42.0,53.863564
1,42.0,50.790817
2,40.0,56.904034
3,75.0,36.191444
4,61.0,34.532055
