,actual,predict
0,74.0,74.55385
1,75.0,74.90528
2,67.0,74.75961
3,73.0,68.39683
4,45.0,67.08897
