,actual,predict
0,71.0,67.95247641375525
1,74.0,67.75436450988215
2,59.0,68.04966336092431
3,74.0,68.59558112904445
4,69.0,68.82376995511494
