,actual,predict
0,66.0,46.25902635033867
1,40.0,72.78234827121526
2,47.0,74.79248063352244
3,75.0,75.9146449944826
4,64.0,76.3349222030439
