,actual,predict
0,41.0,62.10242026120203
1,64.0,67.3091198517232
2,28.0,67.7421592178695
3,55.0,67.86158338898701
4,74.0,67.92652255568389
