,actual,predict
0,62.0,78.30300270005289
1,65.0,65.6959738771536
2,42.0,61.332801412055076
3,66.0,57.96263418247638
4,71.0,56.13143375455473
