,actual,predict
0,53.0,75.63866391107342
1,57.0,57.23680606474937
2,63.0,52.446982514139734
3,75.0,49.92027001625155
4,64.0,49.362506573061836
