,actual,predict
0,75.0,62.81598114098954
1,80.0,63.39623937671273
2,70.0,63.68074902704606
3,59.0,63.614548177360206
4,50.0,62.96439385029179
