,actual,predict
0,72.0,69.63453537271839
1,63.0,67.76786775852763
2,28.0,66.70192264197871
3,72.0,66.6553618524071
4,76.0,64.9666150880065
