,actual,predict
0,62.0,51.65761495237932
1,68.0,51.44329019239253
2,75.0,51.85912778587818
3,56.0,51.75481306056118
4,69.0,52.060333493811086
