,actual,predict
0,72.0,54.85859454328769
1,50.0,48.78607295882254
2,60.0,48.16135199198493
3,78.0,49.584532715328756
4,56.0,51.13614163639901
