,actual,predict
0,77.0,61.28163069321468
1,60.0,60.339603748441014
2,60.0,60.12734871519567
3,48.0,59.966093079905406
4,61.0,58.33936744549539
