,actual,predict
0,51.0,72.89887563619384
1,63.0,74.33056035602178
2,54.0,74.7198288529219
3,57.0,74.52687410485126
4,60.0,74.57783467524999
