,actual,predict
0,65.0,68.661731321069
1,48.0,68.87190047200222
2,75.0,67.40024873568366
3,72.0,64.83268775166493
4,66.0,62.387517739142176
