,actual,predict
0,49.0,69.94476475625041
1,76.0,57.653421775812284
2,54.0,54.65652515948006
3,77.0,55.10144860137026
4,72.0,55.58548712534001
