,actual,predict
0,62.0,56.77183793804781
1,70.0,65.26476548009268
2,74.0,66.58398838514827
3,65.0,67.91251297033371
4,80.0,69.27505935469294
