,actual,predict
0,64.0,56.64535534579758
1,45.0,62.49406532328579
2,66.0,64.44770268212369
3,62.0,66.0489594378476
4,70.0,67.16824301768933
