,actual,predict
0,53.0,81.02389166537935
1,55.0,62.06778807587273
2,69.0,59.13170544138046
3,66.0,58.12175305316666
4,37.0,57.80761167607501
