,actual,predict
0,74.0,78.69481365519171
1,43.0,72.4678176555999
2,63.0,63.22599559412269
3,64.0,58.694388520275794
4,55.0,58.26349868122796
