,actual,predict
0,57.0,60.634526474282225
1,70.0,71.81221942642533
2,56.0,72.29445185986711
3,57.0,72.13907620903336
4,38.0,72.11245942261708
