,actual,predict
0,70.0,57.83015901076463
1,67.0,65.39567657432556
2,74.0,67.20018607177094
3,53.0,67.4043747856143
4,57.0,67.62970412612373
