,actual,predict
0,64.0,66.69097636172233
1,71.0,62.91391021339263
2,60.0,61.06552230675005
3,32.0,62.27281744343452
4,63.0,63.840008425002985
