,actual,predict
0,70.0,72.54709560103359
1,68.0,66.48844991235751
2,67.0,63.99428171913622
3,64.0,62.550484378401755
4,70.0,61.33164836325832
