,actual,predict
0,76.0,49.322861843700686
1,76.0,65.16155140283695
2,64.0,70.97216045103697
3,56.0,72.35008355724256
4,70.0,72.71896516176697
