,actual,predict
0,54.0,69.3725652616875
1,44.0,56.21871707547339
2,72.0,52.57277536340984
3,75.0,49.87479889654487
4,35.0,47.61527037070798
