,actual,predict
0,72.0,68.87114162993382
1,75.0,76.60009428454086
2,72.0,76.6939388722261
3,71.0,76.68718763733588
4,75.0,76.15619973479893
