,actual,predict
0,73.0,62.55751598734929
1,43.0,61.87169540567618
2,63.0,60.78255806274797
3,69.0,59.72905379174731
4,74.0,58.541447761171426
