,actual,predict
0,74.0,65.32629150520994
1,69.0,55.24568877136685
2,60.0,52.331107428438216
3,63.0,51.05653187351798
4,75.0,51.16446144485293
