,actual,predict
0,74.0,71.08157537228362
1,61.0,59.66958823827802
2,49.0,56.120634768293165
3,45.0,54.87967470802026
4,74.0,54.30976029589612
