,actual,predict
0,76.0,57.9613575486986
1,59.0,54.811595549680455
2,55.0,52.264611753801304
3,64.0,48.0218972537077
4,53.0,45.4978428563915
