,actual,predict
0,49.0,80.6922389142252
1,34.0,70.7901338431778
2,66.0,68.32050071316934
3,62.0,67.20830477759665
4,55.0,67.113848649669
