,actual,predict
0,49.0,61.0105991694799
1,72.0,70.82003915463392
2,66.0,73.58654091349715
3,76.0,75.2276274389246
4,72.0,75.85299667775969
