,actual,predict
0,35.0,59.803641955733355
1,70.0,57.6219385842554
2,77.0,56.72579073102322
3,78.0,57.186684799875884
4,65.0,57.18465669001559
