,actual,predict
0,34.0,48.389457559732804
1,44.0,51.38414985312413
2,67.0,53.064571603196164
3,68.0,54.05387361266767
4,61.0,54.3874117889123
