,actual,predict
0,56.0,72.0988713634916
1,38.0,58.02552461011756
2,49.0,52.42130698870094
3,75.0,50.46574318702015
4,45.0,50.86620812627361
