,actual,predict
0,74.0,48.25143179344056
1,76.0,53.100018444303345
2,50.0,57.15126858328088
3,64.0,60.62591291137528
4,79.0,62.25095307853081
