,actual,predict
0,69.0,73.78313851197248
1,60.0,72.27290502075768
2,64.0,71.71892871097096
3,73.0,72.12855324710905
4,74.0,72.36612882316318
