,actual,predict
0,42.0,67.11184186552215
1,77.0,67.80066581123873
2,32.0,68.79916374235167
3,74.0,70.0855202064889
4,74.0,70.79958599882904
