,actual,predict
0,69.0,61.71428622285414
1,61.0,64.66889617270772
2,75.0,67.04809815694928
3,72.0,68.79600777630229
4,68.0,70.17671429643262
