,actual,predict
0,75.0,74.90728438342954
1,58.0,69.09155281373592
2,73.0,66.55438027357454
3,78.0,65.34088580617228
4,61.0,65.46668094691111
