,actual,predict
0,74.0,71.51701289477974
1,73.0,69.81022510233032
2,42.0,69.26342554318185
3,73.0,69.01437632597747
4,75.0,68.96930570436403
