,actual,predict
0,71.0,71.13193456585175
1,61.0,56.98532195155909
2,68.0,50.98173463251576
3,74.0,48.05676800543728
4,54.0,47.72722235141618
