,actual,predict
0,66.0,56.65755165360604
1,36.0,60.708872197549894
2,41.0,62.32633272055287
3,57.0,62.710260904896565
4,49.0,62.60466337732218
