,actual,predict
0,59.0,36.9215466276221
1,72.0,46.56277603836632
2,38.0,50.75042010915153
3,72.0,53.56386418507638
4,73.0,55.03510120334765
