,actual,predict
0,75.0,72.72933485782582
1,59.0,70.25972700276631
2,30.0,69.59048162220299
3,61.0,69.27722107954186
4,72.0,69.06587069367666
