,actual,predict
0,53.0,68.31011815845302
1,75.0,65.94173374569107
2,53.0,64.66218938745452
3,52.0,63.924329179794256
4,68.0,63.13851671990068
