,actual,predict
0,74.0,69.32030717494277
1,78.0,52.96639887978097
2,59.0,47.6110344330186
3,68.0,46.32475776830462
4,54.0,46.745265183273794
