,actual,predict
0,74.0,66.38104691902564
1,68.0,70.15203164050602
2,68.0,69.34185560163213
3,68.0,69.54774096774617
4,57.0,69.64889844128948
