,actual,predict
0,41.0,55.332895822408744
1,76.0,50.4957536603932
2,40.0,46.88473910026765
3,64.0,43.63951140206718
4,70.0,42.992432442557046
