,actual,predict
0,66.0,69.85981259333288
1,63.0,73.3058248247088
2,60.0,73.51731773515026
3,69.0,73.5710954695248
4,65.0,73.77441256902854
