,actual,predict
0,78.0,73.85711264415184
1,62.0,69.77397195912718
2,67.0,66.50314607837512
3,73.0,63.00111690375451
4,66.0,59.423970265972095
