,actual,predict
0,74.0,56.093307425017635
1,56.0,73.62227568915179
2,75.0,73.09762567880709
3,70.0,72.88563255571731
4,46.0,72.7556273151775
