,actual,predict
0,59.0,59.92578496669838
1,68.0,57.76820510889538
2,54.0,56.071414856278864
3,46.0,55.353973029140256
4,63.0,53.749496513124726
