,actual,predict
0,73.0,70.35805084745762
1,68.0,67.97179222328401
2,71.0,68.65387119110169
3,44.0,68.02714603126209
4,44.0,68.20294796304285
