,actual,predict
0,71.0,76.9647250244061
1,69.0,77.87845718340944
2,61.0,78.84773353123813
3,73.0,79.87593050253102
4,72.0,80.96662977951647
