,actual,predict
0,39.0,64.17860538827259
1,64.0,65.60435000165006
2,71.0,62.99254195487638
3,45.0,63.75168791015521
4,33.0,63.77810080223685
