,actual,predict
0,62.0,53.10149942329873
1,71.0,59.312410549833
2,69.0,61.69928031985584
3,67.0,64.27796862327192
4,49.0,65.55142115470193
