,actual,predict
0,71.0,55.003132426009934
1,73.0,63.292133679206806
2,49.0,65.88077888871219
3,71.0,66.47768440876523
4,50.0,66.47817344851471
