,actual,predict
0,73.0,67.01821619918059
1,75.0,65.93240927327479
2,53.0,64.90301102819308
3,69.0,63.92709098044307
4,72.0,63.00187088787842
