,actual,predict
0,60.0,64.72361665715916
1,64.0,66.03362858107934
2,46.0,64.95197178001078
3,50.0,64.33746033448797
4,64.0,63.39239897057732
