,actual,predict
0,55.0,68.95528228060368
1,76.0,70.25681066932754
2,67.0,71.09120875818721
3,55.0,71.62613383298739
4,67.0,71.96906946463662
