,actual,predict
0,76.0,63.262213204307784
1,76.0,64.36513814436897
2,41.0,65.20768346330064
3,33.0,65.91022548079987
4,42.0,64.47131668752665
