,actual,predict
0,74.0,48.43483837865571
1,64.0,51.756917980301544
2,58.0,54.495742800747735
3,35.0,56.75371440184238
4,54.0,58.61525578750841
