,actual,predict
0,74.0,70.23118279569893
1,70.0,61.808417289702916
2,53.0,64.94870418343278
3,69.0,64.0094395778805
4,74.0,63.04765764140227
