,actual,predict
0,76.0,59.295045274188624
1,69.0,58.79430266221576
2,61.0,58.36204675074606
3,46.0,57.98891059549784
4,59.0,57.66680837165543
