,actual,predict
0,79.0,62.42059393156876
1,79.0,62.001621270864646
2,38.0,63.158182356897086
3,68.0,64.17958066006544
4,63.0,62.92152923453088
