,actual,predict
0,33.0,60.35232298254791
1,66.0,59.17108688229825
2,60.0,59.02883736199685
3,65.0,58.56763618530434
4,62.0,57.643283885417326
