,actual,predict
0,58.0,67.5375290718162
1,49.0,67.32192487620517
2,74.0,66.93150002789682
3,70.0,65.0165855557915
4,39.0,66.02351050326178
