,actual,predict
0,76.0,70.0482975449863
1,64.0,68.97175478363944
2,58.0,67.9459970848316
3,73.0,66.96862870296893
4,45.0,66.03736690988165
