,actual,predict
0,64.0,66.583984375
1,69.0,68.21186607730695
2,62.0,68.57416779099012
3,54.0,67.98759556541626
4,67.0,68.26170343300242
