,actual,predict
0,60.0,56.98166259168704
1,52.0,57.147763532394464
2,64.0,56.882082029950915
3,76.0,57.20036670652333
4,72.0,58.95874657372354
