,actual,predict
0,77.0,71.30494610503783
1,73.0,61.5091901656956
2,66.0,64.57543472516828
3,70.0,63.9549113371839
4,60.0,64.56699451435136
