,actual,predict
0,74.0,59.407917383820994
1,75.0,59.78121152392795
2,43.0,61.240248935694865
3,43.0,63.24400233853318
4,70.0,62.8528192400492
