,actual,predict
0,71.0,41.38825477556331
1,63.0,41.696213228582266
2,76.0,42.01087402304782
3,62.0,42.33238302727573
4,76.0,42.660889284228375
