,actual,predict
0,64.0,29.464041711614534
1,56.0,32.306972515243956
2,50.0,34.47673316757212
3,76.0,36.132721868521585
4,67.0,37.39659333504939
