,actual,predict
0,65.0,51.95564853556485
1,50.0,58.15010429927389
2,74.0,62.778093160153254
3,75.0,66.23574653817963
4,49.0,68.81902131302546
