,actual,predict
0,70.0,65.20033955857384
1,74.0,64.21611136111916
2,76.0,64.30727114582102
3,70.0,64.18610716777742
4,53.0,65.43011922975214
