,actual,predict
0,38.0,63.27348066298342
1,57.0,63.415633873031794
2,48.0,62.141622106449134
3,68.0,61.33782797092259
4,56.0,61.96856103956698
