,actual,predict
0,61.0,53.24820846905537
1,64.0,61.8427299361772
2,62.0,61.931651762811626
3,78.0,61.53285779256293
4,45.0,61.668702820514426
