,actual,predict
0,67.0,63.910618594245875
1,64.0,63.681240216076084
2,60.0,63.633044625164274
3,61.0,63.763446267457425
4,75.0,63.904731375939505
