,actual,predict
0,75.0,60.82142857142858
1,60.0,63.674195171026156
2,64.0,65.59753929432786
3,53.0,66.89426389043082
4,67.0,67.76851965036829
