,actual,predict
0,68.0,68.63535272662574
1,61.0,65.09731509431988
2,66.0,65.84522131903435
3,68.0,65.39369322229464
4,65.0,64.90987523903905
