,actual,predict
0,63.0,72.21311475409837
1,65.0,69.32262901767832
2,46.0,68.139754993378
3,51.0,67.27250220943307
4,48.0,65.35327503209203
