,actual,predict
0,68.0,46.98299768900626
1,43.0,47.53345404059195
2,46.0,48.07449260062407
3,68.0,48.60627449867719
4,65.0,49.12895810755007
