,actual,predict
0,73.0,67.81038659044667
1,68.0,66.86247681446933
2,42.0,67.09806629389799
3,73.0,66.62361032926805
4,61.0,65.58575785950728
