,actual,predict
0,49.0,56.66811642689863
1,70.0,54.324315221090636
2,72.0,53.944715383496366
3,72.0,56.1732971326128
4,72.0,57.38657791632318
