,actual,predict
0,56.0,66.56147540983608
1,75.0,65.59744400653565
2,63.0,64.89307802205744
3,68.0,64.37843561685008
4,68.0,64.00241404415331
