,actual,predict
0,68.0,64.00360588636585
1,46.0,66.08992595527262
2,58.0,66.89806558818853
3,68.0,64.99418161879717
4,63.0,63.87150557990578
