,actual,predict
0,74.0,73.42137973896831
1,72.0,73.44822539002901
2,75.0,73.47264366928795
3,40.0,73.49485405862139
4,72.0,73.51505619445216
