,actual,predict
0,49.0,62.599267893266536
1,50.0,62.27847564195141
2,64.0,61.97293911236236
3,66.0,61.681932797432346
4,64.0,61.40476569259204
