,actual,predict
0,75.0,62.18792662116041
1,63.0,57.902880126086764
2,75.0,59.897901231886216
3,72.0,61.201856357935554
4,72.0,62.75499865270277
