,actual,predict
0,72.0,83.31872509960161
1,53.0,60.77276488107111
2,65.0,63.78899073070515
3,73.0,65.32034218493747
4,41.0,65.82233278736138
