,actual,predict
0,78.0,64.4219720952046
1,52.0,63.71619425809419
2,49.0,65.52844668946881
3,73.0,65.22204902695879
4,75.0,64.49272649055759
