,actual,predict
0,72.0,55.89868272487768
1,42.0,60.0906473645052
2,77.0,63.13868068762737
3,64.0,65.35494631425934
4,73.0,66.96642257028633
