,actual,predict
0,63.0,60.61512234255916
1,42.0,62.76169637209776
2,73.0,63.478087766360694
3,74.0,61.19896360976751
4,73.0,61.23703757065541
