,actual,predict
0,69.0,65.35603088216682
1,74.0,65.32886408553992
2,75.0,66.70846578033763
3,73.0,67.34360389493484
4,39.0,68.87873793789522
