,actual,predict
0,73.0,62.45336481700119
1,77.0,61.87797355776901
2,72.0,62.43674401461629
3,72.0,64.11724401250117
4,73.0,65.94473604638658
