,actual,predict
0,76.0,69.43720748829953
1,74.0,66.67129676193036
2,60.0,67.22019060533694
3,53.0,67.08759125080427
4,35.0,66.82961326923893
