,actual,predict
0,71.0,65.44823402534375
1,60.0,64.15808461255024
2,67.0,63.62340598760761
3,36.0,62.733938058599726
4,72.0,62.08039453410921
