,actual,predict
0,28.0,37.317647058823525
1,57.0,42.397911547439136
2,64.0,46.37076007623983
3,38.0,49.477591515461796
4,62.0,51.90718366370607
