,actual,predict
0,48.0,62.5644053831365
1,50.0,69.45605575506882
2,74.0,68.17668925643908
3,45.0,66.0790111296138
4,73.0,66.15252094310179
