,actual,predict
0,73.0,73.92778249787595
1,66.0,73.28116951625046
2,51.0,72.74598716157521
3,45.0,72.30303262633574
4,67.0,71.93641231724821
