,actual,predict
0,44.0,71.32937685459942
1,75.0,72.04679514830787
2,70.0,72.72566507871021
3,59.0,73.36805792880355
4,68.0,73.9759336872813
