,actual,predict
0,67.0,43.42182952182952
1,70.0,47.49479011560536
2,72.0,50.916315253629456
3,79.0,53.790596504477
4,53.0,56.205160880217555
