,actual,predict
0,76.0,59.98128036581881
1,51.0,64.66127655489231
2,66.0,66.17339630379071
3,74.0,66.93979721617949
4,78.0,67.34919139223999
