,actual,predict
0,70.0,75.1518777396043
1,60.0,60.05105541687178
2,72.0,66.41365516456092
3,74.0,63.800649776592046
4,78.0,64.79730907306062
