,actual,predict
0,62.0,65.99575843263989
1,48.0,64.21624429307764
2,63.0,64.29871888919938
3,57.0,61.90815054332188
4,71.0,63.36824483222488
