,actual,predict
0,45.0,67.20754716981132
1,70.0,65.73693963400821
2,70.0,63.02597799011456
3,56.0,61.582151105075916
4,30.0,61.5505321481879
