,actual,predict
0,57.0,61.881632653061224
1,46.0,64.4460587755311
2,71.0,63.38697368503536
3,74.0,61.68442773439189
4,53.0,61.29375871767579
