,actual,predict
0,71.0,70.02984447246742
1,71.0,68.94168779771253
2,45.0,68.0897239751946
3,58.0,67.42268551306978
4,56.0,66.90043292652351
