,actual,predict
0,71.0,67.47610377787893
1,72.0,61.183446022777645
2,66.0,61.21968107630185
3,75.0,63.467342173468104
4,72.0,64.04450492101535
