,actual,predict
0,74.0,61.933922201460845
1,72.0,57.99355662945537
2,75.0,60.98818602246237
3,75.0,61.96937977776991
4,75.0,62.60388444475151
