,actual,predict
0,66.0,71.83321282236682
1,41.0,69.0844447089074
2,50.0,66.94163944140762
3,79.0,65.27121319048385
4,67.0,63.969030532033045
