,actual,predict
0,75.0,68.23233849641103
1,68.0,63.31530539657575
2,76.0,64.44013228954836
3,72.0,64.69438983668947
4,77.0,65.1922041526134
