,actual,predict
0,76.0,63.33659123374182
1,76.0,62.08673977554598
2,35.0,63.09286752555392
3,75.0,63.553594386687436
4,56.0,63.019138003331705
