,actual,predict
0,67.0,71.0593024668854
1,64.0,69.44747128455023
2,51.0,68.79595561257182
3,74.0,69.05106347786504
4,72.0,69.19923233560222
