,actual,predict
0,69.0,60.67244378583854
1,62.0,60.31833151093468
2,64.0,61.398200187443344
3,73.0,60.78440099632808
4,47.0,61.015078686872215
