,actual,predict
0,33.0,76.20350761085375
1,50.0,76.50275972358753
2,64.0,76.77935680721792
3,60.0,77.0350139719207
4,70.0,77.27131648460809
