,actual,predict
0,46.0,60.64323550465283
1,61.0,65.52560048190391
2,69.0,63.53590272673122
3,72.0,64.50930068322792
4,44.0,64.20310297932566
