,actual,predict
0,75.0,59.325695581014735
1,43.0,61.2848371749225
2,49.0,62.29850477687698
3,68.0,60.168355005843836
4,73.0,60.282348879873425
