,actual,predict
0,64.0,62.73940435280641
1,45.0,64.38058268048275
2,72.0,64.35037110326131
3,50.0,62.471020930740735
4,48.0,62.67840841190459
