,actual,predict
0,55.0,61.14336486412598
1,40.0,62.66648537862256
2,68.0,62.45270579435445
3,73.0,62.32491899974395
4,58.0,64.64944841317813
