,actual,predict
0,96.0,70.04807692307692
1,74.0,69.4159844622065
2,73.0,71.79620597268926
3,40.0,72.27799048813793
4,68.0,71.6228233716003
