,actual,predict
0,65.0,65.5548757879125
1,72.0,66.08469269156399
2,66.0,66.56003678729695
3,60.0,66.98650866426223
4,69.0,67.36913309038842
