,actual,predict
0,63.0,45.38066914498142
1,70.0,51.92690817368144
2,63.0,55.20188731191773
3,63.0,56.51411527246888
4,74.0,56.20934525327025
