,actual,predict
0,70.0,71.85043446108338
1,60.0,65.41425629874597
2,56.0,67.72611942269296
3,65.0,66.02880051685241
4,49.0,65.84692753382441
