,actual,predict
0,68.0,68.80716723549487
1,70.0,66.6195592123254
2,80.0,67.16616670584868
3,46.0,67.10254951702434
4,62.0,67.36977363458621
