,actual,predict
0,67.0,66.01649445445068
1,71.0,65.28729065352199
2,60.0,64.55407090283178
3,69.0,63.81681308530871
4,73.0,63.07549496207592
