,actual,predict
0,70.0,69.16828302144516
1,71.0,69.01975204184892
2,71.0,68.89813368681844
3,73.0,68.79855160420828
4,69.0,68.71701299784834
