,actual,predict
0,72.0,77.26955990220048
1,72.0,59.860458231699255
2,74.0,61.38178054571564
3,33.0,63.51782993419986
4,73.0,63.80837570501487
