,actual,predict
0,63.0,54.06458333333334
1,64.0,53.44474076381074
2,74.0,52.83730301664879
3,76.0,52.242021835878354
4,59.0,51.658653933842196
