,actual,predict
0,48.0,72.57985682547519
1,44.0,70.10793349793708
2,78.0,67.87487324872187
3,71.0,65.857594629651
4,66.0,64.03524656340846
