,actual,predict
0,47.0,65.37398978169996
1,44.0,62.47492369527605
2,36.0,59.06430386473082
3,62.0,57.91055545785555
4,76.0,56.75744645593594
