,actual,predict
0,79.0,55.9131616409991
1,76.0,58.076208671298915
2,78.0,59.55708073433413
3,45.0,62.56205160198393
4,62.0,65.22364556050998
