,actual,predict
0,73.0,57.18721461187215
1,72.0,61.18050979712155
2,61.0,63.97328902478015
3,71.0,65.9264669023515
4,58.0,67.29245522812136
