,actual,predict
0,59.0,47.16015310233682
1,67.0,59.388880851871555
2,72.0,58.4657545260463
3,72.0,60.27050518934575
4,75.0,60.49166692297625
