,actual,predict
0,52.0,65.92052522460263
1,70.0,67.38250828340806
2,50.0,68.6687225161902
3,56.0,69.800299960024
4,72.0,70.79583202517907
