,actual,predict
0,78.0,65.37624718377856
1,54.0,64.80453855053959
2,49.0,64.9870334302588
3,45.0,63.542145952340505
4,46.0,62.49903868232492
