,actual,predict
0,72.0,68.13887418387154
1,72.0,66.80260861218767
2,62.0,65.98629001301788
3,66.0,65.48760466972135
4,67.0,65.182960047056
