,actual,predict
0,72.0,63.69146394805021
1,47.0,64.41710623650381
2,59.0,64.2816057710074
3,44.0,65.15194026549602
4,37.0,64.31728938364435
