,actual,predict
0,67.0,52.997677119628364
1,64.0,49.22748322824388
2,48.0,45.13460673130066
3,74.0,40.69142993407799
4,76.0,35.86797140408761
