,actual,predict
0,64.0,70.39960870628514
1,51.0,66.06396082125752
2,77.0,62.27826558965435
3,77.0,58.97276459727114
4,58.0,56.08654789407939
