,actual,predict
0,76.0,78.74149016641454
1,54.0,79.34451861304281
2,35.0,79.9625258928115
3,81.0,80.59588407016219
4,67.0,81.2449744513744
