,actual,predict
0,64.0,62.617886178861795
1,74.0,63.94920849777873
2,74.0,63.84061942410443
3,76.0,65.7974512731493
4,73.0,66.23690834339611
