,actual,predict
0,61.0,49.91743892165123
1,62.0,51.091670608296724
2,82.0,52.16630481212312
3,74.0,53.14978931962497
4,69.0,54.04985538215317
