,actual,predict
0,75.0,63.57880230518667
1,75.0,55.34025824178032
2,72.0,56.88703796858677
3,65.0,58.07032023669025
4,61.0,59.36492202074727
