,actual,predict
0,75.0,60.72223199109079
1,63.0,64.27217499841429
2,73.0,64.98665414165504
3,72.0,66.20087565967407
4,76.0,66.58537560903913
