,actual,predict
0,56.0,60.86148238153098
1,72.0,61.6752291130891
2,73.0,61.27880531178463
3,57.0,62.517102890302525
4,66.0,62.90474483815914
