,actual,predict
0,64.0,65.69236857727063
1,54.0,63.69076539017438
2,41.0,61.82867747267126
3,57.0,60.096380364600975
4,60.0,58.484827417813946
