,actual,predict
0,73.0,74.48545047565753
1,63.0,53.94338976325334
2,70.0,63.4885789462341
3,66.0,59.17076019997906
4,67.0,60.35641844247735
