,actual,predict
0,72.0,62.15023341349554
1,70.0,62.27178085844196
2,63.0,63.33104231756633
3,58.0,64.80214360787662
4,51.0,64.79687820387143
