,actual,predict
0,75.0,65.62956669498726
1,78.0,66.3694179095252
2,72.0,66.53087570859275
3,54.0,67.08653251665594
4,54.0,66.80712590723067
