,actual,predict
0,51.0,44.17651549854939
1,53.0,44.129375009576734
2,65.0,44.077202446625236
3,70.0,44.019460654288146
4,69.0,43.955555137792835
