,actual,predict
0,76.0,66.48275862068965
1,76.0,66.66381212720748
2,54.0,66.81396267993077
3,49.0,66.93848492154163
4,64.0,67.04175319711283
