,actual,predict
0,36.0,62.268685881778204
1,41.0,59.53566326473275
2,46.0,58.65039343917654
3,61.0,57.76550812019855
4,62.0,55.13634491561839
