,actual,predict
0,62.0,59.28179563250814
1,46.0,60.85326881397362
2,44.0,62.174700636703065
3,72.0,62.02190392623112
4,65.0,60.15820369568374
