,actual,predict
0,66.0,57.179426776599925
1,77.0,59.65666371962228
2,73.0,61.1422766307316
3,59.0,63.777014665408025
4,37.0,63.70097772090486
