,actual,predict
0,71.0,56.62000470145746
1,63.0,60.5464356150873
2,71.0,62.68491602668837
3,70.0,63.01700478730885
4,37.0,64.73638973481
