,actual,predict
0,58.0,26.15761227756333
1,73.0,25.583798646429603
2,64.0,25.000408222593627
3,74.0,24.407281172002172
4,78.0,23.80425499301534
