,actual,predict
0,68.0,59.30002603488675
1,68.0,59.91776671061804
2,62.0,60.50561670849136
3,70.0,61.065022351628876
4,76.0,61.59735997977587
