,actual,predict
0,70.0,67.07894736842105
1,68.0,67.28719053600284
2,40.0,67.4993900881473
3,73.0,67.97051611200095
4,73.0,65.53269948537006
