,actual,predict
0,70.0,60.977303070761025
1,76.0,60.24326186462953
2,67.0,59.69098901329742
3,74.0,59.27547378094973
4,74.0,58.96285130114378
