,actual,predict
0,65.0,61.14458122133719
1,58.0,62.432731414572615
2,63.0,62.73905681970107
3,64.0,61.79749369330945
4,79.0,61.29728017837624
