,actual,predict
0,53.0,68.56610978520285
1,64.0,66.7755356608377
2,58.0,65.2782959055002
3,60.0,64.02633607068582
4,65.0,62.979474055166364
