,actual,predict
0,42.0,71.36850851682593
1,45.0,69.21098021535795
2,38.0,67.84277621460173
3,69.0,66.97512493678923
4,69.0,66.4249008916369
