,actual,predict
0,37.0,52.96100759144237
1,34.0,54.03671384754351
2,75.0,55.03890971376054
3,75.0,55.972618659456266
4,53.0,56.84252086586133
