,actual,predict
0,73.0,64.1267842764073
1,73.0,61.86794452651792
2,64.0,62.909736364220564
3,64.0,64.41252767688414
4,63.0,64.01676750646368
