,actual,predict
0,58.0,72.4083424011607
1,49.0,73.25719322637244
2,72.0,74.20006508936518
3,62.0,75.24737201729525
4,73.0,76.41068152343409
