,actual,predict
0,46.0,62.91671337294025
1,52.0,59.63391985850408
2,70.0,57.04325831000911
3,38.0,54.9988021998894
4,34.0,53.385391606508705
