,actual,predict
0,75.0,54.0
1,72.0,60.78359908883827
2,65.0,62.372388737257126
3,61.0,63.14137612263004
4,72.0,64.445645099554
