,actual,predict
0,63.0,54.98670674996477
1,60.0,59.731517013253665
2,78.0,61.14241791134592
3,77.0,60.48845935060365
4,71.0,60.79614882095143
