,actual,predict
0,61.0,66.38057370065322
1,79.0,63.03043881469874
2,73.0,62.28093314872963
3,75.0,62.800767672290746
4,36.0,63.19876397452328
