,actual,predict
0,59.0,68.6440654464781
1,70.0,68.5189163896487
2,54.0,68.46716762535829
3,65.0,68.44576966461109
4,75.0,68.4369216712258
