,actual,predict
0,65.0,43.23280669144981
1,66.0,63.24284262593373
2,67.0,58.41240010124218
3,59.0,60.12658364570844
4,62.0,62.108867311396665
