,actual,predict
0,72.0,67.50314738441502
1,72.0,68.6002364085044
2,48.0,68.33961346198973
3,68.0,67.95247489676676
4,75.0,68.3216092317336
