,actual,predict
0,66.0,73.6669020715631
1,38.0,68.07680303814398
2,72.0,68.58929951610165
3,70.0,65.94601999766968
4,65.0,67.00808765344419
