,actual,predict
0,67.0,71.68070134963665
1,75.0,70.55997488439603
2,76.0,69.786394968924
3,61.0,69.25243248638975
4,33.0,68.8838656104256
