,actual,predict
0,48.0,72.3079754601227
1,72.0,71.05943415051627
2,73.0,70.09031431036186
3,70.0,69.33808187932044
4,67.0,68.75419781579706
