,actual,predict
0,40.0,51.6518771331058
1,62.0,62.05356794953563
2,69.0,59.30885846249212
3,67.0,60.81501169895766
4,78.0,59.81738033531283
