,actual,predict
0,74.0,59.43716843501326
1,68.0,58.32435098193001
2,64.0,61.26567663063862
3,41.0,59.5926896289455
4,49.0,62.09092817689798
