,actual,predict
0,68.0,56.3845531524729
1,48.0,62.557382151743425
2,60.0,62.00195523771301
3,77.0,61.607099504222475
4,70.0,60.38698314558606
