,actual,predict
0,75.0,53.41291185320011
1,73.0,56.73022922945452
2,77.0,59.548750532148276
3,74.0,61.95503047850782
4,59.0,64.3535086508091
