,actual,predict
0,69.0,57.73002539558507
1,65.0,58.87427343041308
2,60.0,61.23116018392524
3,68.0,62.24069440735964
4,72.0,61.270582727935015
