,actual,predict
0,55.0,49.96407953816549
1,64.0,49.145113890203774
2,62.0,48.39181011347567
3,72.0,47.69890366319272
4,68.0,47.061552087804294
