,actual,predict
0,64.0,64.59877622377623
1,69.0,67.3950695574564
2,59.0,66.25487358621017
3,59.0,66.32039403055433
4,62.0,65.72114395553285
