,actual,predict
0,71.0,52.67857142857143
1,59.0,58.655055821733704
2,75.0,61.078239172731585
3,75.0,60.402162804410416
4,75.0,60.66499777755105
