,actual,predict
0,75.0,54.70425867507886
1,50.0,59.93089297555944
2,60.0,62.40037769863916
3,72.0,61.38910747606374
4,78.0,62.78815670400706
