,actual,predict
0,66.0,65.51419558359622
1,74.0,65.384984922565
2,64.0,66.62022197583606
3,56.0,67.53299796976937
4,69.0,67.14774829252254
