,actual,predict
0,76.0,66.70372259051504
1,76.0,62.57117617113312
2,74.0,61.93793378116095
3,74.0,62.51700070410094
4,66.0,62.419132144257944
