,actual,predict
0,74.0,74.64899777282851
1,72.0,59.70795197261548
2,44.0,64.52058099799689
3,74.0,63.70995297548297
4,72.0,62.392985441214655
