,actual,predict
0,75.0,59.04423713511886
1,71.0,60.440466214527945
2,74.0,62.18422915202889
3,70.0,63.11141529441759
4,79.0,63.2571177380253
