,actual,predict
0,74.0,56.66175793833409
1,60.0,62.17952879484906
2,51.0,62.19939094654472
3,39.0,62.77078937431259
4,65.0,62.332855695277374
