,actual,predict
0,73.0,64.77433844351137
1,68.0,64.89150020636379
2,62.0,65.46973938987173
3,65.0,64.55816604383298
4,58.0,63.78493866714982
