,actual,predict
0,73.0,61.780712788259954
1,69.0,61.63436275777026
2,68.0,62.141312692424535
3,69.0,64.08729658783035
4,46.0,64.55007299831675
