,actual,predict
0,39.0,59.74334742601343
1,60.0,56.89321492631984
2,67.0,53.79363479351487
3,43.0,50.422775017447556
4,38.0,46.75689281951713
