,actual,predict
0,50.0,62.94602609727165
1,71.0,62.22123660081325
2,40.0,62.134979585602885
3,42.0,63.04079236680538
4,78.0,62.21895655218126
