,actual,predict
0,73.0,60.81419855795897
1,56.0,60.07428637556834
2,49.0,62.07074448394741
3,70.0,60.257326619996874
4,71.0,59.165733567660126
