,actual,predict
0,33.0,64.18456011362686
1,42.0,55.98667804805852
2,80.0,53.07772085695806
3,78.0,52.622384747765366
4,46.0,54.260169036923756
