,actual,predict
0,46.0,53.40283081309506
1,49.0,56.03002495654528
2,33.0,56.67923456732571
3,77.0,56.114166618128664
4,55.0,54.49912200627065
