,actual,predict
0,53.0,90.29638828982871
1,31.0,83.6985265591233
2,74.0,77.58833500447727
3,66.0,71.92976828115252
4,68.0,66.68944527720812
