,actual,predict
0,37.0,62.6147049679471
1,68.0,64.41911620777978
2,76.0,66.27480952258294
3,72.0,68.18324236903565
4,69.0,70.1459136253073
