,actual,predict
0,74.0,57.61387939512335
1,63.0,58.349106196882104
2,73.0,59.0934142158068
3,69.0,59.84691561933342
4,61.0,60.609723960343686
