,actual,predict
0,42.0,78.31954314890551
1,76.0,78.4206000228364
2,48.0,78.52176314655038
3,73.0,78.623032631757
4,71.0,78.72440859028323
