,actual,predict
0,63.0,84.72337276410006
1,58.0,84.823293175296
2,71.0,84.923217041982
3,30.0,85.02314436427756
4,72.0,85.12307514230217
