,actual,predict
0,76.0,70.32548798674212
1,61.0,70.23064605435816
2,41.0,70.13595442856005
3,68.0,70.0414128711402
4,61.0,69.94702114426848
