,actual,predict
0,47.0,54.55101562820102
1,67.0,53.72203208518546
2,74.0,52.9057887024351
3,88.0,52.10208968392366
4,51.0,51.31074224269875
