,actual,predict
0,65.0,63.10142657472575
1,47.0,61.79772700985099
2,67.0,60.52154603788176
3,50.0,59.272302794195646
4,61.0,58.049428675106334
