,actual,predict
0,60.0,79.28817130755228
1,68.0,72.0867188788271
2,65.0,65.54161594677642
3,41.0,59.593041986853464
4,77.0,54.18662859289533
