,actual,predict
0,68.0,32.66543249229542
1,63.0,32.769098955845784
2,57.0,32.87294584110176
3,52.0,32.97697346207031
4,68.0,33.08118213330491
