,actual,predict
0,38.0,80.72092523585191
1,73.0,80.61610283892396
2,73.0,80.51138247826371
3,56.0,80.40676405454695
4,34.0,80.30224746854618
