,actual,predict
0,78.0,67.3962616821757
1,68.0,64.85919321233065
2,73.0,62.418230044468025
3,76.0,60.06973166624892
4,52.0,57.81019546958961
