,actual,predict
0,74.0,41.53675475087884
1,39.0,37.58251386382997
2,68.0,34.00796501948579
3,64.0,30.776649627838417
4,49.0,27.85560990647105
