,actual,predict
0,78.0,37.11579778130735
1,73.0,38.97468798393238
2,73.0,40.924264567366784
3,48.0,42.96895168729911
4,45.0,45.11338933285817
