,actual,predict
0,68.0,76.10121437259205
1,66.0,74.19642941550855
2,60.0,72.33994403923957
3,63.0,70.5305335126163
4,62.0,68.76700415994515
