,actual,predict
0,75.0,76.03850252362763
1,52.0,76.9640203969261
2,60.0,77.9007654338902
3,68.0,78.84887382768012
4,76.0,79.80848342357206
