,actual,predict
0,60.0,62.91813446847141
1,73.0,58.75651365053902
2,64.0,54.87155637352028
3,73.0,51.24487011243043
4,70.0,47.85928507287727
