,actual,predict
0,72.0,72.21078208120413
1,39.0,75.04308688244015
2,70.0,77.98407296562469
3,57.0,81.03791065205961
4,79.0,84.20893028673669
