,actual,predict
0,41.0,48.749091284980565
1,70.0,49.37177163174327
2,50.0,50.00225148080204
3,42.0,50.64062852632111
4,69.0,51.28700168615174
