,actual,predict
0,56.0,57.689064587732915
1,68.0,51.691220241277115
2,74.0,46.31700558088506
3,69.0,41.50157831274668
4,76.0,37.1868381618501
