,actual,predict
0,64.0,73.84992982005011
1,76.0,72.92066879556714
2,75.0,72.00385539018335
3,72.0,71.09932286579483
4,67.0,70.2069067177847
