,actual,predict
0,70.0,59.75472551973011
1,66.0,55.803343011132114
2,75.0,52.1149852147096
3,63.0,48.67214382822545
4,70.0,45.458475993726054
