,actual,predict
0,65.0,39.38548371924936
1,59.0,41.5652803485672
2,73.0,43.86377361234625
3,70.0,46.287426907603894
4,70.0,48.84305558321523
