,actual,predict
0,61.0,89.89686653170124
1,68.0,87.57533051898864
2,74.0,85.31524677383531
3,70.0,83.11498862270808
4,73.0,80.97297245096955
