,actual,predict
0,72.0,72.12517143622144
1,66.0,71.25584693711431
2,74.0,70.39748376922533
3,71.0,69.54994372089452
4,48.0,68.71309032317568
