,actual,predict
0,70.0,72.87115239865837
1,72.0,69.89526732601311
2,75.0,67.04310115614037
3,57.0,64.30951042196072
4,54.0,61.68956548995622
