,actual,predict
0,57.0,62.0968629288099
1,55.0,63.300220567296115
2,81.0,64.52581092369273
3,57.0,65.77404476012886
4,70.0,67.04534042779797
