,actual,predict
0,78.0,76.98046747162856
1,70.0,75.00268461379599
2,48.0,73.07614212640489
3,67.0,71.1995124746591
4,64.0,69.37150251751531
