,actual,predict
0,54.0,79.11143507061408
1,68.0,78.1974989888939
2,58.0,77.29447725288347
3,49.0,76.40223952202105
4,46.0,75.52065701228918
