,actual,predict
0,71.0,48.0698936598909
1,73.0,44.16187110577464
2,61.0,40.574018192244914
3,73.0,37.28010462064459
4,77.0,34.25604904237433
