,actual,predict
0,74.0,82.34632578135528
1,75.0,85.6085948898292
2,67.0,88.99670880379557
3,76.0,92.51552209366008
4,64.0,96.17007659901076
