,actual,predict
0,60.0,29.118279216620643
1,62.0,29.023229179704536
2,47.0,28.928615061845857
3,73.0,28.834434863829976
4,65.0,28.740686595611066
