,actual,predict
0,66.0,71.04280289190564
1,33.0,78.04679128961934
2,43.0,85.7292237433209
3,74.0,94.15581799995229
4,77.0,103.39865758153302
