,actual,predict
0,66.0,71.63450451295171
1,75.0,74.27766086836513
2,60.0,77.01598477629977
3,52.0,79.85290276997391
4,67.0,82.79196475585206
