,actual,predict
0,74.0,70.18501786774296
1,60.0,68.41063114647126
2,69.0,66.68294172075673
3,61.0,65.00072063786531
4,76.0,63.36277128793862
