,actual,predict
0,79.0,55.03568652430442
1,50.0,55.87783694116759
2,65.0,56.73307203832543
3,78.0,57.60159511539639
4,56.0,58.483612630710766
