,actual,predict
0,66.0,53.18225477765339
1,49.0,55.58595790466608
2,60.0,58.09506502199988
3,74.0,60.71419816515109
4,69.0,63.448182048964895
