,actual,predict
0,66.0,69.21793784464991
1,46.0,71.23854289358538
2,70.0,73.3163668620269
3,46.0,75.45303005907503
4,73.0,77.65019867728296
