,actual,predict
0,71.0,65.23238528805426
1,73.0,68.18928351756391
2,68.0,71.28105576326797
3,62.0,74.51385408006739
4,51.0,77.89411113865975
