,actual,predict
0,51.0,67.20264781621484
1,47.0,67.29591228396163
2,56.0,67.38927459183512
3,67.0,67.4827348424756
4,63.0,67.576293138631
