,actual,predict
0,60.0,44.66788668242551
1,54.0,48.73147792114772
2,36.0,53.16012945593972
3,57.0,57.98663715920536
4,42.0,63.24674318169843
