,actual,predict
0,80.0,83.15083725991003
1,37.0,83.03192515948305
2,75.0,82.91322085161416
3,66.0,82.79472397319694
4,70.0,82.67643416175949
