,actual,predict
0,58.0,68.90023370574727
1,70.0,69.00308887593144
2,59.0,69.10610989341016
3,63.0,69.20929702560144
4,50.0,69.3126505403545
