,actual,predict
0,33.0,61.87020675407613
1,69.0,62.61509008019809
2,73.0,63.36886294002097
3,71.0,64.13163142238668
4,56.0,64.90350288221504
