,actual,predict
0,75.0,82.54115094842926
1,66.0,83.58673450120746
2,61.0,84.64444202526715
3,44.0,85.71441410304124
4,67.0,86.7967929470737
