,actual,predict
0,72.0,74.09882763628357
1,67.0,72.49088685319266
2,63.0,70.92200611830953
3,74.0,69.39123658614056
4,67.0,67.89765246051783
