,actual,predict
0,59.0,60.07905227841333
1,63.0,60.98045248940922
2,50.0,61.89521507418873
3,73.0,62.82353811683367
4,73.0,63.76562263782801
