,actual,predict
0,52.0,63.93640010980535
1,67.0,61.03899941630598
2,51.0,58.279303771640116
3,44.0,55.65076845435561
4,73.0,53.14715979462294
