,actual,predict
0,75.0,72.09937028798807
1,67.0,70.05775379785959
2,67.0,68.07638018910664
3,55.0,66.15347184836551
4,49.0,64.28730361509677
