,actual,predict
0,72.0,65.66808303115714
1,49.0,62.691003263473675
2,76.0,59.8501759661763
3,78.0,57.13936525136984
4,78.0,54.5526206300053
