,actual,predict
0,65.56117,70.0
1,43.717068,65.0
2,47.00348,73.0
3,45.903465,70.0
4,50.167862,67.0
