,actual,predict
0,77.140625,67.0
1,74.23958,51.0
2,71.336555,42.0
3,73.27217,79.0
4,79.66317,69.0
