,actual,predict
0,57.34393,74.0
1,60.53424,56.0
2,66.23229,41.0
3,66.23229,63.0
4,58.157608,60.0
