,actual,predict
0,70.794785,59.0
1,73.656654,64.0
2,73.656654,53.0
3,69.83972,63.0
4,60.01995,50.0
