,actual,predict
0,58.613605,45.0
1,60.557972,70.0
2,58.205254,56.0
3,61.931377,73.0
4,64.89221,47.0
