,actual,predict
0,48.984455,50.0
1,55.273857,54.0
2,55.273857,75.0
3,44.32304,68.0
4,51.98341,62.0
