,actual,predict
0,59.11963,73.0
1,64.052185,54.0
2,64.052185,65.0
3,59.11963,78.0
4,52.496086,63.0
