,actual,predict
0,66.29165,65.0
1,67.28715,73.0
2,66.29165,63.0
3,59.31377,35.0
4,62.039436,75.0
