,actual,predict
0,45.98709,75.0
1,55.658913,45.0
2,37.554302,55.0
3,38.752342,75.0
4,31.250559,48.0
