,actual,predict
0,29.63389,51.0
1,26.482492,64.0
2,23.722923,68.0
3,47.345036,50.0
4,7.604244,73.0
