,actual,predict
0,72.0,58.37968603853818
1,54.0,54.907976222843615
2,72.0,52.766689643340264
3,41.0,51.66868536518656
4,30.0,51.27680972734154
