,actual,predict
0,74.0,58.750018138131296
1,63.0,62.67305960529431
2,69.0,65.34143954589001
3,44.0,67.01793392984688
4,77.0,68.16675588194164
