,actual,predict
0,78.0,61.7442001339768
1,74.0,71.24238419677579
2,75.0,75.09319753299236
3,75.0,76.19692406189138
4,63.0,75.83603360149459
