,actual,predict
0,51.0,65.5975723830807
1,74.0,65.66953685446163
2,71.0,65.69019202830604
3,57.0,65.95736250326209
4,38.0,66.32951053207945
