,actual,predict
0,71.0,61.223034586919475
1,49.0,62.808270469245294
2,66.0,64.01540831244472
3,38.0,64.91382590713091
4,76.0,65.52509777390769
