,actual,predict
0,68.0,62.65067937820693
1,54.0,66.99601070836988
2,74.0,69.39286352967437
3,59.0,70.63153273839467
4,46.0,71.1238365417109
