,actual,predict
0,57.0,64.85059756822758
1,61.0,60.02132617794848
2,69.0,56.56158915016508
3,69.0,54.497704325413345
4,75.0,53.47162979362254
