,actual,predict
0,76.0,63.9732958207774
1,62.0,65.17791313455812
2,58.0,66.09488981311081
3,74.0,66.92988740085417
4,38.0,67.65497963651428
