,actual,predict
0,50.0,63.34937088847241
1,74.0,62.49211078221039
2,74.0,62.20347189277451
3,69.0,62.20642238563391
4,65.0,62.23603922025694
