,actual,predict
0,72.0,61.44532575066334
1,59.0,64.68973958617616
2,49.0,67.3345370819937
3,61.0,69.26268252009555
4,66.0,70.46870662362419
