,actual,predict
0,72.0,65.04870416102406
1,74.0,65.862070533308
2,49.0,66.60587237986218
3,77.0,67.10829524198228
4,55.0,67.89208132962442
