,actual,predict
0,46.0,62.61295754912038
1,54.0,67.229361454303
2,52.0,70.24149949800783
3,73.0,71.66677621828072
4,56.0,72.1912592418656
