,actual,predict
0,70.0,62.85300951823932
1,63.0,59.962143800616204
2,78.0,58.241394898381174
3,55.0,57.07275392455749
4,74.0,53.70689864595943
