,actual,predict
0,49.0,62.023784849608
1,38.0,64.1897148569978
2,67.0,66.09486566577361
3,63.0,67.83635890815093
4,60.0,69.0427512665047
