,actual,predict
0,72.0,60.39423233030896
1,68.0,67.71333086879059
2,61.0,71.4022118225409
3,73.0,73.4080706110974
4,78.0,74.61475755095536
