,actual,predict
0,77.0,63.06903849009142
1,71.0,61.01006763445709
2,62.0,59.123585027252744
3,74.0,57.43556456012386
4,71.0,55.747470461032584
