,actual,predict
0,77.0,63.31399798423797
1,66.0,67.28433817238746
2,76.0,69.89949277375021
3,67.0,71.6904610748479
4,41.0,72.70070048345858
