,actual,predict
0,69.0,65.4571464324949
1,62.0,66.36868943096604
2,66.0,67.20969517258717
3,44.0,67.67652746545555
4,38.0,68.07478862000033
