,actual,predict
0,67.0,63.03219370884787
1,70.0,65.60391791464043
2,61.0,66.52686756910795
3,76.0,65.9421202765339
4,46.0,64.9603282905257
