,actual,predict
0,35.0,68.3453798698012
1,34.0,68.10300093664532
2,71.0,68.12909392154599
3,36.0,68.14215017754314
4,56.0,68.10393358290555
