,actual,predict
0,61.0,62.40673293756826
1,67.0,62.78653574643466
2,48.0,63.42437198154274
3,49.0,64.02655911975243
4,33.0,64.72233696498226
