,actual,predict
0,67.0,62.891705229333226
1,36.0,67.08977465887962
2,73.0,69.69687412684382
3,41.0,70.95529176539179
4,70.0,72.11470187606768
