,actual,predict
0,78.0,62.73897854361563
1,38.0,64.85062464768691
2,73.0,66.54238185036297
3,76.0,68.44210901872582
4,69.0,69.82999407422841
