,actual,predict
0,65.0,65.0419071822526
1,60.0,61.36583191450889
2,73.0,58.3904296742887
3,72.0,55.80433877312137
4,75.0,52.82638260933663
