,actual,predict
0,76.0,59.09496395776172
1,57.0,61.28875118857592
2,51.0,63.701640683426874
3,69.0,65.6086689861491
4,74.0,67.71071673403759
