,actual,predict
0,63.0,62.82042778257245
1,76.0,68.8317927357245
2,41.0,71.62586228602007
3,71.0,72.74130910334452
4,73.0,73.02543696638891
