,actual,predict
0,63.0,63.263860647758
1,75.0,68.92755921950976
2,63.0,71.51354411133816
3,66.0,72.64745206440674
4,79.0,73.2866574857836
