,actual,predict
0,72.0,64.04635857177989
1,54.0,61.56757776927975
2,82.0,59.51856444274203
3,58.0,57.858785890616396
4,72.0,56.52469597739385
