,actual,predict
0,80.0,57.15233958889765
1,57.0,65.61136919848437
2,74.0,69.59236160843193
3,62.0,71.64247970463094
4,50.0,72.53639578065034
