,actual,predict
0,66.0,65.99509683055598
1,27.0,63.96114847811781
2,60.0,62.522214378622955
3,72.0,61.14279976560357
4,64.0,60.149209433347984
