,actual,predict
0,49.0,61.64634067022055
1,75.0,64.1443095405596
2,59.0,65.55415271302893
3,76.0,66.09607645340836
4,75.0,66.02551330000901
