,actual,predict
0,60.0,61.94998333415612
1,79.0,63.38905424566346
2,79.0,64.44367242259818
3,69.0,65.24694477340857
4,39.0,65.85950975473347
