,actual,predict
0,73.0,64.66997458163846
1,40.0,66.87449719361905
2,58.0,68.7310995902567
3,75.0,69.91389455125959
4,40.0,70.14066443090337
