,actual,predict
0,72.0,65.94285251927629
1,68.0,68.26180475212553
2,65.0,70.2731241168328
3,80.0,71.75821940490877
4,62.0,72.80416337927248
