,actual,predict
0,73.0,62.97877160486378
1,64.0,65.2120794156682
2,73.0,66.88468175855661
3,64.0,67.83174594859965
4,61.0,68.2678099930513
