,actual,predict
0,71.0,61.38262112404746
1,72.0,65.63141072343505
2,61.0,68.62893186475179
3,70.0,70.28542288404363
4,45.0,71.24347379670203
