,actual,predict
0,49.0,61.00301886418783
1,55.0,57.83840244130006
2,76.0,55.420890450474054
3,75.0,53.79043764803618
4,34.0,52.60809944607248
