,actual,predict
0,64.0,63.18860879870741
1,71.0,63.53271311548468
2,54.0,63.24501960128328
3,71.0,62.97613774150223
4,74.0,62.650220476355656
