,actual,predict
0,61.0,63.35100480512184
1,58.0,61.21515554298084
2,57.0,59.14942537905581
3,59.0,57.46883429829564
4,27.0,56.102636943783544
