,actual,predict
0,73.0,65.3115052794415
1,58.0,67.10143165674974
2,48.0,68.09624053318213
3,68.0,68.74100132308466
4,46.0,69.32135452236426
