,actual,predict
0,50.0,61.03681185232682
1,69.0,61.130871630631404
2,62.0,60.22460336036571
3,73.0,59.21252278014238
4,57.0,58.24656397714878
