,actual,predict
0,72.0,63.5015114043669
1,41.0,66.91421655415236
2,60.0,69.26225601343197
3,52.0,71.04688936187826
4,40.0,72.28989146459685
