,actual,predict
0,72.0,63.570853182988415
1,74.0,60.571507809090306
2,55.0,58.45051206237322
3,67.0,57.28805913915197
4,43.0,56.81978788217764
