,actual,predict
0,76.0,66.89954090241879
1,66.0,66.94135421610356
2,71.0,66.06780031846172
3,66.0,66.70569977334208
4,75.0,63.24704670259671
