,actual,predict
0,72.0,65.15857884407949
1,77.0,61.252429466691765
2,70.0,59.66657686765422
3,70.0,59.31616802146364
4,65.0,59.73660029444316
