,actual,predict
0,59.0,66.00167709204604
1,53.0,67.06075597835748
2,33.0,67.98396725692396
3,52.0,64.38494362094696
4,66.0,61.505356007697564
