,actual,predict
0,68.0,60.90115901170228
1,70.0,60.04806827806258
2,74.0,59.035394232572656
3,58.0,57.64342327429935
4,56.0,57.387942920471566
