,actual,predict
0,67.0,60.8557483053942
1,65.0,65.87459418891385
2,45.0,69.31516644625395
3,49.0,71.63992397586755
4,54.0,73.13194955405403
