,actual,predict
0,64.0,62.678910551078864
1,35.0,61.48188961238952
2,72.0,60.3535458682035
3,75.0,61.3281074378803
4,56.0,62.417504025962444
