,actual,predict
0,73.0,60.86869958959373
1,70.0,60.056055681264866
2,72.0,59.26684285868723
3,42.0,58.58103761676656
4,66.0,57.98189562249486
