,actual,predict
0,66.0,58.61108618599687
1,72.0,59.063244704449346
2,42.0,59.47358139716606
3,66.0,59.860529398992654
4,68.0,59.56901179850861
