,actual,predict
0,75.0,64.84443436411392
1,66.0,66.7343733455775
2,74.0,68.19955605291976
3,66.0,69.39134927176988
4,72.0,70.36139901109037
