,actual,predict
0,63.0,62.36356924840217
1,53.0,65.67319069158403
2,62.0,67.89253181896089
3,57.0,69.19615666367386
4,65.0,70.3560936840661
