,actual,predict
0,47.0,65.93087256914771
1,58.0,67.20045558711833
2,50.0,68.32544295839642
3,50.0,69.34513918228217
4,70.0,70.225495345558
