,actual,predict
0,76.0,64.88577573926099
1,40.0,64.48968128265774
2,64.0,64.16132493727689
3,63.0,63.995910934976656
4,72.0,63.90044571855785
