,actual,predict
0,46.0,63.23302829120015
1,73.0,63.96525088337214
2,61.0,64.894021130753
3,76.0,65.87174664536114
4,65.0,66.83501749162663
