,actual,predict
0,66.0,62.45459248704329
1,51.0,59.432619310424315
2,47.0,60.422434348424474
3,67.0,48.592658073161154
4,77.0,50.029166586646475
