,actual,predict
0,69.0,62.378577015638214
1,75.0,60.13311551716962
2,39.0,59.147047229151305
3,57.0,59.01769946593655
4,74.0,58.51000567495056
