,actual,predict
0,75.0,65.32542499069102
1,49.0,66.3806558233565
2,69.0,67.02135917219759
3,74.0,67.5596584351422
4,76.0,68.0077329481544
