,actual,predict
0,75.0,64.10299831846415
1,78.0,63.1597066131053
2,56.0,62.987717613120054
3,81.0,63.18717210830057
4,73.0,63.2573727396962
