,actual,predict
0,66.0,66.92225723903933
1,67.0,70.81114579673304
2,49.0,72.63271417803023
3,63.0,73.49029994566693
4,71.0,73.97558124949218
