,actual,predict
0,67.0,64.21494557899254
1,50.0,64.54806398874511
2,76.0,64.68876780147613
3,72.0,64.66107505215645
4,66.0,64.3495391570343
