,actual,predict
0,70.0,56.330171299630194
1,64.0,55.32048810625955
2,72.0,54.69672784714163
3,69.0,54.6855762178761
4,73.0,54.82112166655451
