,actual,predict
0,43.0,67.42314271844775
1,61.0,67.31319397797219
2,70.0,67.34820328191603
3,74.0,67.46703500687843
4,76.0,67.67508536639562
