,actual,predict
0,51.0,64.70936639524837
1,75.0,62.782488029390144
2,74.0,61.56294780212571
3,65.0,60.84179846546949
4,40.0,60.4680530153264
