,actual,predict
0,49.0,61.743437583120546
1,53.0,61.637806997271845
2,51.0,61.54422829090667
3,73.0,61.4971296376047
4,74.0,61.487667894991674
