,actual,predict
0,72.0,62.79457260327173
1,54.0,65.72873179800266
2,74.0,67.9987754039126
3,47.0,69.62101270671742
4,71.0,71.24343236769124
