,actual,predict
0,44.0,62.88426844231338
1,70.0,63.314949226449635
2,41.0,64.03822752429564
3,77.0,64.83666851410426
4,78.0,65.63207017652783
