,actual,predict
0,39.0,62.50950808737872
1,56.0,59.164525883295006
2,34.0,57.38520230732033
3,30.0,56.70054215299804
4,68.0,56.32565005901053
