,actual,predict
0,59.0,64.03809984279849
1,76.0,64.59995139638691
2,66.0,65.47585162463072
3,63.0,66.2440360393255
4,66.0,66.72266712011756
