,actual,predict
0,39.0,62.27647628878136
1,78.0,61.18316273012975
2,56.0,60.29747884383948
3,57.0,59.61695443647605
4,47.0,59.118377216818516
