,actual,predict
0,52.0,62.24822426445073
1,73.0,62.475537270602
2,35.0,62.66046539337623
3,58.0,62.819757458617936
4,45.0,62.94569921991761
