,actual,predict
0,76.0,62.326700274480196
1,53.0,62.78826711007976
2,42.0,63.58574811502721
3,69.0,64.57396152662335
4,42.0,65.60328747533319
