,actual,predict
0,68.0,62.2633386993508
1,54.0,63.66919511706658
2,75.0,64.90483189127565
3,50.0,66.0399560372211
4,44.0,66.96700473348606
