,actual,predict
0,57.0,63.31476341975068
1,72.0,64.50870019846569
2,75.0,64.40231449388232
3,75.0,63.65906465000306
4,64.0,63.00325023477882
