,actual,predict
0,70.0,65.71015595417255
1,80.0,68.71128756886442
2,72.0,70.49838597503954
3,64.0,71.64170757396018
4,59.0,72.53275007507214
