,actual,predict
0,56.0,61.60022530666076
1,62.0,59.347758195546064
2,76.0,57.14533385502479
3,74.0,55.61603838932619
4,61.0,54.9419180482586
