,actual,predict
0,49.0,63.610453910842494
1,64.0,59.41731526618963
2,49.0,57.017307229406335
3,58.0,55.94456576288644
4,76.0,55.86009165871982
