,actual,predict
0,52.0,63.746100641003764
1,63.0,59.5995344674929
2,60.0,57.39774273986057
3,70.0,56.464502542441885
4,58.0,55.65586008058219
