,actual,predict
0,76.0,62.85393227481628
1,70.0,60.988282840854936
2,51.0,58.011989471891845
3,42.0,57.055819281200556
4,75.0,56.754332086105826
