,actual,predict
0,67.0,64.24347465923968
1,72.0,62.97638954512201
2,80.0,62.13817253302024
3,70.0,60.68309673879449
4,59.0,59.18365247607387
