,actual,predict
0,67.0,74.91407300276386
1,62.0,49.0788618696177
2,77.0,59.57797961228858
3,74.0,42.056352786503595
4,67.0,64.08463094227736
