,actual,predict
0,61.0,45.04511154481802
1,45.0,60.271514979564465
2,74.0,71.9148144685569
3,75.0,66.04330411980021
4,73.0,65.09206709256027
