,actual,predict
0,40.0,61.71348341425056
1,65.0,72.03467847812522
2,69.0,70.63896970024359
3,64.0,67.1411447749206
4,70.0,45.0468294226088
