,actual,predict
0,57.0,73.10431879093738
1,74.0,60.436510875480934
2,58.0,61.07480169717387
3,59.0,74.90017086909695
4,57.0,70.38890664607864
