,actual,predict
0,66.0,77.8916240286068
1,60.0,62.05022821097588
2,57.0,62.08217695807219
3,35.0,65.09086934001232
4,62.0,63.088746903402054
