,actual,predict
0,78.0,74.01083039828254
1,75.0,60.91747388315732
2,54.0,59.88932001009873
3,68.0,66.94849838821803
4,68.0,48.92622172058217
