,actual,predict
0,50.0,69.95472540582375
1,71.0,72.09643424043114
2,51.0,77.79657117114529
3,41.0,72.84817563648976
4,64.0,72.96519326040969
