,actual,predict
0,58.0,60.706702116069806
1,45.0,65.25832260882318
2,51.0,65.08132682186383
3,59.0,64.90173738156675
4,54.0,68.91053360417837
