,actual,predict
0,77.0,74.98671918563238
1,61.0,76.91128969175277
2,62.0,70.99315600950312
3,65.0,76.9016040418225
4,47.0,71.88868606130669
