,actual,predict
0,71.0,73.00649587181418
1,72.0,43.0989648620976
2,68.0,63.719185191077145
3,65.0,55.92720584733876
4,68.0,44.25193698370504
