,actual,predict
0,50.0,55.930588751191365
1,48.0,70.32795882609204
2,67.0,63.02316984919172
3,54.0,64.9189197440851
4,65.0,66.92397771292093
