,actual,predict
0,74.0,68.08946499901238
1,70.0,69.92139420752126
2,70.0,64.08932682843223
3,69.0,61.014671515708734
4,30.0,66.90819863441361
