,actual,predict
0,75.0,71.34113981260393
1,57.0,81.12402966443976
2,73.0,72.91523623140671
3,58.0,66.90137785678239
4,75.0,67.84314661552328
