,actual,predict
0,52.0,62.14579461453497
1,77.0,77.11317287848902
2,79.0,74.8822983125731
3,67.0,74.91348573299621
4,61.0,73.11435001197182
