,actual,predict
0,74.0,63.91392867710416
1,62.0,60.92853069053143
2,75.0,58.921811282833694
3,63.0,48.09033189681777
4,75.0,49.071349304057776
