,actual,predict
0,72.0,76.2837418702452
1,46.0,78.15779092686509
2,75.0,74.84287200906995
3,77.0,73.00321082462975
4,50.0,73.90329349241931
