,actual,predict
0,74.0,72.19561061654254
1,61.0,65.94626691613408
2,72.0,63.94157364236344
3,59.0,43.08668057365668
4,67.0,45.0934540976682
