,actual,predict
0,44.0,53.844663638365404
1,68.0,73.82545245060808
2,54.0,61.92101483867642
3,70.0,60.919469325130116
4,61.0,68.93326355202502
