,actual,predict
0,72.0,76.18731324497047
1,73.0,74.9974565247308
2,42.0,74.09593034525156
3,58.0,76.90378416891735
4,74.0,74.94819788943595
