,actual,predict
0,45.0,60.85496333400514
1,60.0,43.89900073548132
2,66.0,42.06442621878897
3,43.0,39.088419527619536
4,71.0,46.05697203356969
