,actual,predict
0,73.0,42.00719144920552
1,71.0,30.0912861506756
2,67.0,30.09118233388675
3,64.0,30.054111067131263
4,66.0,30.077603305300286
