,actual,predict
0,64.0,65.1713564825634
1,67.0,70.74192775566772
2,71.0,72.98957315934717
3,73.0,44.08006573025747
4,75.0,43.901038253533464
