,actual,predict
0,40.0,75.24814511122386
1,68.0,65.83430608381194
2,69.0,63.90879885091716
3,72.0,63.90688884754388
4,74.0,64.11436717166347
