,actual,predict
0,40.0,60.07069441982238
1,49.0,53.88849439484707
2,77.0,59.104954111590715
3,78.0,58.095731738800794
4,75.0,58.09490260823735
