,actual,predict
0,72.0,63.89841285825276
1,73.0,73.90992824189249
2,68.0,68.95892006567205
3,69.0,68.09772339233997
4,48.0,69.53227280704404
