,actual,predict
0,53.0,67.72168684971669
1,54.0,57.99608909602261
2,70.0,58.096025757345934
3,73.0,59.085632382318366
4,63.0,59.90134123398711
