,actual,predict
0,73.0,53.817939081249385
1,55.0,58.358307686544165
2,64.0,62.09350676596682
3,55.0,67.9216102704304
4,77.0,67.90647514221496
