,actual,predict
0,46.0,68.24549831489186
1,67.0,77.27056395054919
2,77.0,73.57019777848211
3,74.0,53.06066186801847
4,74.0,70.66533029120103
