,actual,predict
0,52.0,77.87990159340919
1,74.0,55.00798150865915
2,62.0,54.09326777280389
3,57.0,63.908294315891546
4,69.0,58.83349369562059
