,actual,predict
0,73.0,49.95477681716147
1,70.0,76.08524039512758
2,77.0,69.58591455759338
3,75.0,74.98541597591354
4,39.0,69.0958514293692
