,actual,predict
0,57.0,74.07201167852888
1,64.0,37.93979903753728
2,44.0,49.94814202735754
3,64.0,47.070418343664926
4,72.0,49.90394059555465
