,actual,predict
0,66.0,65.97673051184688
1,38.0,66.90220009867448
2,74.0,65.0851271373166
3,65.0,65.08540738838997
4,65.0,69.90127209735657
