,actual,predict
0,45.0,71.1317594567987
1,70.0,73.12747620784971
2,71.0,71.09576915398543
3,61.0,73.7846938898733
4,67.0,72.09508914171916
