,actual,predict
0,55.0,70.4692204201202
1,59.0,57.095662368877555
2,61.0,60.09824458228444
3,63.0,61.08912179661752
4,77.0,60.09240148735834
