,actual,predict
0,47.0,66.8114665944233
1,62.0,62.08426365434027
2,72.0,65.09256495395984
3,60.0,64.91568857609246
4,63.0,66.92597020909633
