,actual,predict
0,75.0,65.80807614928513
1,37.0,45.99124793902625
2,63.0,46.07554598469094
3,64.0,54.092131462818465
4,69.0,56.096806453444664
