,actual,predict
0,63.0,69.88938972304807
1,71.0,41.78140575857265
2,54.0,59.917419677583695
3,72.0,52.91869020665305
4,55.0,37.09812912131875
