,actual,predict
0,60.0,62.943515148214566
1,47.0,67.1667936802241
2,53.0,69.90020236879462
3,54.0,69.02590067132171
4,67.0,66.08373527756311
