,actual,predict
0,69.0,73.08731470807953
1,76.0,59.917822621271654
2,70.0,52.9186925347404
3,78.0,37.09812911595456
4,30.0,58.93266054673641
