,actual,predict
0,58.0,54.820211758639964
1,34.0,74.09684510996505
2,72.0,74.90163812231675
3,57.0,75.9022455114343
4,54.0,78.90064292309881
