,actual,predict
0,66.0,54.71917348428998
1,35.0,73.09014127405867
2,69.0,72.90000702128249
3,60.0,72.0982178690248
4,38.0,72.96376641670034
