,actual,predict
0,70.0,72.8933567621458
1,63.0,69.50170631364624
2,73.0,70.09699658831431
3,77.0,66.08911883892527
4,44.0,71.34984092911962
