,actual,predict
0,64.0,64.24900141477706
1,39.0,59.15291441547027
2,50.0,55.926943553458806
3,62.0,44.25196215680519
4,75.0,45.899324960342206
