,actual,predict
0,66.0,71.10686314894703
1,51.0,73.0918790049219
2,46.0,76.54069502871917
3,49.0,75.80087191705462
4,75.0,74.11932451896853
