,actual,predict
0,54.0,73.79279539735593
1,47.0,74.9092673848925
2,60.0,73.60718881211044
3,30.0,72.12080760219611
4,57.0,71.07959315926952
