,actual,predict
0,71.0,73.36725701537493
1,66.0,60.77343934040846
2,64.0,61.09407679064096
3,44.0,67.90354679348334
4,71.0,67.91629710773532
