,actual,predict
0,60.0,41.879152923615834
1,58.0,45.142773088349614
2,75.0,56.08048806296458
3,73.0,63.903059997513374
4,61.0,59.09460509119267
