,actual,predict
0,70.0,41.977002697236
1,51.0,47.22393677666082
2,65.0,47.07141441236739
3,66.0,49.911435659072865
4,73.0,58.95554017711459
