,actual,predict
0,51.0,79.10510505106929
1,56.0,67.05434999547406
2,80.0,73.36584340814102
3,64.0,72.90441663402467
4,58.0,60.90237349835343
