,actual,predict
0,49.0,73.3981810719486
1,63.0,71.51389657664936
2,70.0,64.07773976545057
3,71.0,61.08254922451702
4,76.0,78.15190058124195
