,actual,predict
0,1.0521864,70.0
1,1.0636369,67.0
2,1.0636369,60.0
3,1.0289766,66.0
4,1.0521864,65.0
