,actual,predict
0,36.55708,52.0
1,36.579346,55.0
2,36.554367,48.0
3,36.548862,39.0
4,36.606155,37.0
