,actual,predict
0,35.341084,68.0
1,35.35348,66.0
2,35.314827,69.0
3,35.271927,70.0
4,35.286713,68.0
