,actual,predict
0,0.9675946,66.0
1,0.9675946,68.0
2,0.9482194,68.0
3,0.9675946,67.0
4,0.8693063,70.0
