,actual,predict
0,10.617559,70.0
1,10.335008,69.0
2,10.335008,69.0
3,10.335008,69.0
4,10.617559,68.0
