,actual,predict
0,74.0,65.3315105241436
1,69.0,66.67638532808932
2,34.0,67.45986536983364
3,52.0,68.17833772542363
4,70.0,68.58034510765877
