,actual,predict
0,77.0,65.80775490211569
1,68.0,66.16769682887136
2,42.0,66.50401515130953
3,65.0,66.8532477130678
4,65.0,67.16767180866373
