,actual,predict
0,43.0,64.10616222795149
1,76.0,64.98960523891216
2,49.0,65.5764687819493
3,72.0,66.02328678788098
4,69.0,66.35616986264132
