,actual,predict
0,66.0,63.34651165560028
1,66.0,62.748660888029484
2,50.0,62.208381479392365
3,61.0,61.7512414600363
4,69.0,61.33729300729226
