,actual,predict
0,62.0,64.18706756007528
1,45.0,62.557393811904646
2,40.0,61.25236104084017
3,77.0,60.15742386501427
4,56.0,59.23386830767976
