,actual,predict
0,70.0,63.08300684392102
1,72.0,61.62025034341898
2,44.0,60.41217905281088
3,49.0,59.39087669300385
4,64.0,58.53556100019389
