,actual,predict
0,51.0,62.253457036324136
1,76.0,61.667294651433835
2,76.0,61.19968826156685
3,49.0,60.85001596904886
4,74.0,60.51292739520084
