,actual,predict
0,72.0,65.19091102899374
1,70.0,65.27022219103695
2,40.0,65.30091770647256
3,45.0,65.33096261813574
4,56.0,65.31890710313101
