,actual,predict
0,55.0,64.24707263863566
1,70.0,65.75688392327609
2,58.0,67.29874416506023
3,65.0,68.19548950569717
4,46.0,68.7391844077995
