,actual,predict
0,56.0,62.139537461442195
1,75.0,62.864614645283645
2,67.0,63.412081670565584
3,50.0,63.85779492575641
4,55.0,64.21767630173
