,actual,predict
0,72.0,62.760276873084386
1,45.0,62.43045391777682
2,30.0,62.16071746526902
3,54.0,61.92370741474175
4,53.0,61.67926026964032
