,actual,predict
0,68.0,62.9560363652569
1,45.0,61.20284714726328
2,74.0,60.11189920918605
3,64.0,59.20579891718336
4,73.0,58.446552046057484
