,actual,predict
0,58.0,64.18992509219338
1,77.0,63.78703407104695
2,71.0,63.429795158388195
3,75.0,63.11599203947597
4,54.0,62.83097531859875
