,actual,predict
0,55.0,63.22291983459135
1,78.0,63.67010548406512
2,72.0,64.04612786083416
3,67.0,64.37855478814393
4,75.0,64.66444459896566
