,actual,predict
0,35.0,62.6986022909371
1,43.0,63.23546867584348
2,78.0,63.783991854114596
3,62.0,64.16358378129026
4,77.0,64.44450990752613
