,actual,predict
0,69.0,64.85803650482015
1,57.0,65.24542380864932
2,76.0,65.63619373200842
3,44.0,65.95420738688091
4,62.0,66.18801893955478
