,actual,predict
0,73.0,61.61179635573785
1,73.0,60.45771263346484
2,71.0,59.4791392261061
3,41.0,58.76520792890064
4,70.0,58.148163472249124
