,actual,predict
0,47.0,60.35234044922
1,55.0,59.83689458800472
2,71.0,59.42248950575217
3,53.0,59.06050852014026
4,45.0,58.77894524961845
