,actual,predict
0,75.0,60.950546235108426
1,72.0,60.976702156744366
2,60.0,61.05489366748144
3,64.0,61.2464810011092
4,64.0,61.213543903466956
