,actual,predict
0,66.0,61.7872850482516
1,70.0,60.95948914688994
2,73.0,60.22071504686299
3,50.0,59.52799466306685
4,64.0,59.09319045456892
