,actual,predict
0,52.0,61.071775093571866
1,55.0,61.60685926507898
2,76.0,61.99590735359299
3,57.0,62.31208321175447
4,73.0,62.48268414034482
