,actual,predict
0,73.0,63.97352710798737
1,62.0,64.13365193825778
2,65.0,64.23224387743178
3,74.0,64.28172282484341
4,66.0,64.30924664874978
