,actual,predict
0,74.0,65.4986892247215
1,73.0,68.46682981417543
2,67.0,69.87521182866652
3,55.0,70.52407977071468
4,47.0,70.83352041515055
