,actual,predict
0,70.0,61.85745369020374
1,47.0,62.52270818865759
2,70.0,63.04640075814108
3,55.0,63.56834730934155
4,59.0,63.98088298733132
