,actual,predict
0,77.0,64.46492361913211
1,76.0,64.29180157619817
2,73.0,64.15352956722117
3,78.0,64.02066613648691
4,72.0,63.900995155534744
