,actual,predict
0,69.0,62.96588495624421
1,73.0,63.12332946565428
2,60.0,63.17729191722789
3,56.0,63.173107242533895
4,66.0,63.12790185451899
