,actual,predict
0,62.0,64.50679112423082
1,74.0,64.91412054755655
2,75.0,65.22906522411047
3,74.0,65.54322890108769
4,74.0,65.72788800926817
