,actual,predict
0,76.0,62.64850887129584
1,75.0,62.64951658842509
2,73.0,62.619164665069746
3,66.0,62.577646591857395
4,57.0,62.55460370448087
