,actual,predict
0,70.0,62.081841792098466
1,64.0,61.19968290171006
2,73.0,60.43420398610453
3,75.0,59.74741229076942
4,66.0,59.1576525278376
