,actual,predict
0,67.0,64.56723385582991
1,75.0,64.02979912435656
2,79.0,63.539193520725995
3,56.0,63.08436438031828
4,74.0,62.6439400022146
