,actual,predict
0,76.0,62.87730968218774
1,69.0,62.03073920265632
2,72.0,61.2729390434929
3,73.0,60.60201386649478
4,63.0,60.017922573722345
