,actual,predict
0,74.0,63.5168564090578
1,74.0,63.90595202242586
2,74.0,64.17710023941679
3,75.0,64.44169067360534
4,68.0,64.64321870007633
