,actual,predict
0,56.0,65.01895038110705
1,76.0,65.86445408801679
2,52.0,66.5435228183802
3,59.0,67.06088721125825
4,52.0,67.52252726691361
