,actual,predict
0,81.0,63.081443936332604
1,66.0,61.685093447592514
2,39.0,60.38939579910607
3,62.0,59.26588875143218
4,46.0,58.292973818834746
