,actual,predict
0,65.0,63.22875121087621
1,63.0,64.28031252423457
2,65.0,65.13976107383397
3,70.0,66.00026206793142
4,72.0,66.90704708542395
