,actual,predict
0,73.0,64.14347659737278
1,73.0,64.54943653715141
2,70.0,65.00936755181058
3,59.0,65.38642445347372
4,57.0,65.57763528030709
