,actual,predict
0,74.0,64.55286951977942
1,76.0,65.224264767652
2,76.0,65.63231995530214
3,46.0,65.98341162799065
4,49.0,66.25704574439114
