,actual,predict
0,34.0,63.60671059820854
1,62.0,60.98560330977018
2,52.0,59.11640282809648
3,66.0,57.712425679743404
4,74.0,56.51813396097242
