,actual,predict
0,51.0,62.25849919603847
1,44.0,64.420488258215
2,50.0,65.81653522848728
3,41.0,66.64574483908275
4,72.0,67.16288204529579
