,actual,predict
0,57.0,63.20756533805488
1,58.0,61.641654131922515
2,55.0,60.33191200799405
3,65.0,59.31358982564921
4,71.0,58.48165210867322
