,actual,predict
0,60.0,61.63413022164426
1,56.0,63.016410813809216
2,71.0,64.05624506096551
3,67.0,64.79620486768971
4,61.0,65.43797371795345
