,actual,predict
0,60.0,63.87327809839862
1,76.0,63.777881473028174
2,58.0,63.645247979782496
3,62.0,63.51689934773733
4,59.0,63.49457396918917
