,actual,predict
0,71.0,62.302969963997974
1,74.0,63.53572329232276
2,78.0,64.53423640592692
3,58.0,65.25722082989238
4,64.0,65.80280016112009
