,actual,predict
0,72.0,64.87780744161434
1,57.0,64.95239545164159
2,60.0,64.95989799777703
3,68.0,64.91632060341416
4,76.0,64.85734843376731
