,actual,predict
0,54.0,63.080836531463376
1,41.0,62.855684460976555
2,57.0,62.64911462710845
3,73.0,62.46279112039425
4,43.0,62.29081064437196
