,actual,predict
0,70.0,64.86570677099311
1,62.0,63.35565668291971
2,75.0,61.99567119724016
3,72.0,61.12411299171343
4,74.0,60.55766405003047
