,actual,predict
0,51.0,63.77711896075689
1,72.0,63.20335259495293
2,46.0,62.70741573731146
3,75.0,62.21331581050731
4,65.0,61.6886008490273
