,actual,predict
0,70.0,64.12405582347046
1,61.0,63.99734920465856
2,70.0,63.8706862418252
3,72.0,63.771950177818965
4,63.0,63.66473171490059
