,actual,predict
0,45.0,63.676788514009615
1,74.0,62.992399767153536
2,64.0,62.35725762059988
3,39.0,61.816545610869035
4,41.0,61.34784417608809
