,actual,predict
0,40.0,63.576649864061174
1,61.0,64.26083139483461
2,63.0,64.88392037912533
3,55.0,65.59208600095666
4,78.0,66.32865706491637
