,actual,predict
0,76.0,64.0055645174382
1,71.0,63.724870409999454
2,65.0,63.44196580264421
3,48.0,63.234979433758184
4,77.0,63.02800531728187
