,actual,predict
0,41.0,60.36714919198138
1,66.0,62.2796121914135
2,72.0,63.822238090340946
3,73.0,65.14656732591942
4,52.0,66.20614721212495
