,actual,predict
0,64.0,61.8562865604975
1,73.0,61.86564914306595
2,75.0,61.83377881989579
3,71.0,61.76557583041258
4,41.0,61.682784404267586
