,actual,predict
0,67.0,63.68854664643748
1,71.0,64.24787348042683
2,45.0,64.70521156280104
3,54.0,65.08286568735386
4,74.0,65.3766165171021
