,actual,predict
0,42.0,62.02334670806685
1,47.0,62.949811047241354
2,74.0,63.69214438175168
3,73.0,64.26218079272812
4,63.0,64.71685770390833
