,actual,predict
0,73.0,65.26760341135368
1,70.0,64.81611589516574
2,74.0,64.35749147604805
3,53.0,64.04598451256913
4,66.0,63.783553330473005
