,actual,predict
0,42.0,62.82780630182749
1,60.0,63.60900631860156
2,73.0,64.28880788936036
3,73.0,64.98895244544708
4,78.0,65.6343041058405
