,actual,predict
0,70.0,63.614592822551614
1,74.0,63.501756984962846
2,75.0,63.39924621573222
3,71.0,63.29486162120178
4,54.0,63.42166826540031
