,actual,predict
0,40.0,63.82675330431643
1,60.0,62.35403806925862
2,64.0,61.15383109202171
3,64.0,59.85206495064055
4,78.0,59.05750205008163
