,actual,predict
0,69.0,65.0132029583599
1,72.0,63.34031750715718
2,77.0,62.03620231275823
3,65.0,60.91258663486154
4,68.0,60.06285376272989
