,actual,predict
0,77.0,63.77423743714552
1,75.0,65.60485834753601
2,81.0,66.79517807840384
3,66.0,67.52276876764347
4,72.0,68.0719279702804
