,actual,predict
0,48.0,60.8219760709984
1,56.0,61.00301644517578
2,67.0,61.16567029015946
3,46.0,61.305058439113
4,74.0,61.398426965904875
