,actual,predict
0,58.0,59.724350601110935
1,67.0,60.02951897682938
2,77.0,60.27877344898702
3,66.0,60.549134417589656
4,77.0,60.79967843056231
