,actual,predict
0,65.0,63.121276645502945
1,57.0,62.49111482471266
2,74.0,61.951467589338044
3,64.0,61.49028530978792
4,43.0,61.1141738550036
