,actual,predict
0,64.0,63.5539534185644
1,57.0,64.54922140377593
2,64.0,65.36351256533676
3,48.0,66.18336967465557
4,68.0,67.05107949826227
