,actual,predict
0,72.0,61.14578509002992
1,54.0,59.99053157763971
2,71.0,59.07874278377714
3,66.0,58.366479774195525
4,39.0,57.790589746090006
