,actual,predict
0,52.0,61.16859243141966
1,54.0,61.824138894010254
2,76.0,62.29790514319443
3,66.0,62.64772034704153
4,73.0,62.921878476729916
