,actual,predict
0,76.0,62.89992505386588
1,53.0,63.537846888160004
2,73.0,64.05686205795301
3,58.0,64.4662470532787
4,76.0,64.77805204039248
