,actual,predict
0,74.0,65.48527843693967
1,74.0,65.72048169431021
2,75.0,65.93322242126833
3,45.0,66.05687992034125
4,33.0,66.34238658021488
