,actual,predict
0,76.0,62.365329596298146
1,32.0,63.62658365869633
2,72.0,64.87823276410141
3,64.0,65.94503172826361
4,62.0,66.73027099086332
