,actual,predict
0,68.0,63.19314850206477
1,51.0,63.57967917462894
2,73.0,63.989710845699086
3,72.0,64.52727942953548
4,72.0,65.09784569216932
