,actual,predict
0,72.0,62.488627272971065
1,63.0,64.63696025403739
2,49.0,66.30857020958973
3,59.0,67.51169412920203
4,71.0,68.50969532982748
