,actual,predict
0,64.0,61.60986908930938
1,49.0,61.29931179197825
2,62.0,60.931019949765094
3,67.0,60.58018055957892
4,74.0,60.18562174822763
