,actual,predict
0,61.0,64.20691674576979
1,61.0,65.51709104901968
2,43.0,66.41015682632926
3,56.0,67.01474328835307
4,50.0,67.33735093620571
