,actual,predict
0,69.0,62.39593090565076
1,76.0,62.65585238698438
2,57.0,62.895236960699265
3,77.0,63.11350667671613
4,74.0,63.29515166343795
