,actual,predict
0,73.0,63.83021588085099
1,60.0,63.956641959770025
2,72.0,64.01534256569414
3,48.0,64.00631191247108
4,60.0,63.961062140843076
