,actual,predict
0,69.0,62.9510026022825
1,72.0,63.16379677995769
2,59.0,63.332993591917536
3,61.0,63.49091800291793
4,68.0,63.636590522546506
