,actual,predict
0,59.0,66.33214994026976
1,59.0,64.09988038290389
2,71.0,62.20878478019601
3,77.0,60.67706613855224
4,49.0,59.3795742103338
