,actual,predict
0,69.0,62.732936193760985
1,73.0,62.877117085928624
2,60.0,63.04029281457193
3,32.0,63.18870309810502
4,59.0,63.43575929488392
