,actual,predict
0,58.0,61.14821014908524
1,34.0,61.426738715813855
2,67.0,61.694444427459594
3,75.0,61.91242689939233
4,72.0,62.10260013685692
