,actual,predict
0,68.0,61.51710359389277
1,72.0,62.51066419010705
2,72.0,63.316456518961985
3,58.0,63.97719009838954
4,69.0,64.49297551564781
