,actual,predict
0,44.0,63.23607718285554
1,70.0,62.96794905663814
2,70.0,62.704496368925625
3,65.0,62.47234040837415
4,55.0,62.270959644541776
