,actual,predict
0,50.0,63.26411114683634
1,74.0,61.88479470445984
2,75.0,60.76529293446592
3,42.0,59.863421712456706
4,55.0,59.13906072448342
