,actual,predict
0,75.0,61.83625028443051
1,73.0,61.22772335411235
2,57.0,60.827128442421206
3,69.0,60.549035866114146
4,65.0,60.32368319406115
