,actual,predict
0,63.0,59.20041634747641
1,70.0,59.514981157555376
2,58.0,59.79365255303487
3,57.0,60.06459695878761
4,46.0,60.260174314873694
