,actual,predict
0,74.0,64.31098711115601
1,64.0,62.58253055051469
2,66.0,61.60354984454703
3,44.0,60.98415052488438
4,72.0,60.629916295685206
