,actual,predict
0,71.0,64.4988829783759
1,65.0,63.660260094370784
2,35.0,62.9401356572814
3,46.0,62.31847530428365
4,70.0,61.78241550138929
