,actual,predict
0,73.0,63.950326776247216
1,73.0,64.59277970890652
2,66.0,65.11507676229836
3,67.0,65.51098019943284
4,56.0,65.95568874789357
