,actual,predict
0,67.0,63.52930505606096
1,73.0,64.69115908507578
2,49.0,65.64218428243062
3,72.0,66.51263324727448
4,60.0,67.16451884818653
