,actual,predict
0,55.0,64.8325343340254
1,60.0,62.76751668104655
2,67.0,61.19225844676744
3,54.0,59.96548909060857
4,75.0,58.98408112932151
