,actual,predict
0,66.0,62.679988896424554
1,66.0,63.79803560335042
2,42.0,64.7511010308589
3,56.0,65.53147179626427
4,73.0,66.32082966833049
