,actual,predict
0,65.0,64.87016362949703
1,57.0,62.69087821509617
2,71.0,60.994818353704765
3,64.0,59.682544100948704
4,65.0,58.69376296818733
