,actual,predict
0,72.0,62.1721467155836
1,58.0,62.24440575601275
2,57.0,62.31696157918615
3,53.0,62.4823086483055
4,57.0,62.64157415217992
