,actual,predict
0,61.0,63.038631572323126
1,73.0,62.63417802982943
2,57.0,62.326361434687165
3,66.0,62.09548347031527
4,70.0,61.94040633582248
