,actual,predict
0,61.0,62.70230845437945
1,54.0,61.055688095241976
2,60.0,59.79668477523487
3,74.0,58.81726506551375
4,48.0,58.05726621709995
