,actual,predict
0,66.0,61.03467286758636
1,72.0,60.20957541950646
2,73.0,59.446277634668945
3,47.0,58.7688569268483
4,50.0,58.20362467014222
