,actual,predict
0,74.0,61.54072939975661
1,60.0,62.177249727210445
2,55.0,62.7132594440693
3,74.0,63.051657671793805
4,68.0,63.32351200879421
