,actual,predict
0,45.0,64.42673922893154
1,79.0,64.2268317773588
2,60.0,64.07569608410267
3,55.0,63.85119114924451
4,78.0,63.575762065982694
