,actual,predict
0,64.0,63.99397726251661
1,73.0,64.32822611218022
2,78.0,64.62409967102293
3,45.0,64.88532358531634
4,72.0,65.13640773285317
