,actual,predict
0,65.0,65.61615451004852
1,68.0,66.4861919397628
2,76.0,67.21647213467698
3,51.0,68.20600972367784
4,72.0,69.11590425531831
