,actual,predict
0,69.0,62.81977970909208
1,38.0,64.88372512652171
2,72.0,66.60143817042118
3,78.0,67.88656955685319
4,56.0,68.89838322303477
