,actual,predict
0,72.0,63.51875351805407
1,73.0,62.520334276257536
2,60.0,61.66020402562181
3,75.0,60.958380798297135
4,75.0,60.357967440136306
