,actual,predict
0,74.0,62.62843597574874
1,71.0,62.591375992746926
2,72.0,62.52333795499483
3,61.0,62.47327668658917
4,49.0,62.37745582040282
