,actual,predict
0,64.0,62.42154829034155
1,42.0,65.22568949839197
2,42.0,67.09162937887619
3,69.0,68.11028888709572
4,72.0,68.7647357625691
