,actual,predict
0,69.0,60.568850940842424
1,44.0,59.917710117176895
2,58.0,59.3895483664279
3,76.0,58.9399597351568
4,46.0,58.54557633497996
