,actual,predict
0,66.0,62.48416971785486
1,58.0,63.224993136016394
2,43.0,63.81165825842072
3,74.0,64.37884196359505
4,76.0,64.9386094139819
