,actual,predict
0,34.0,62.44469003736389
1,48.0,62.31344145665049
2,66.0,62.205970081206374
3,58.0,62.08716341087791
4,75.0,62.01418819490951
