,actual,predict
0,65.0,65.30532491139014
1,73.0,64.72717259809939
2,62.0,64.33605583513567
3,66.0,63.97165313001829
4,42.0,63.71619672129459
