,actual,predict
0,72.0,61.90115166981026
1,74.0,61.46971741896971
2,70.0,61.12947961388012
3,63.0,60.87118384306092
4,75.0,60.64291112388645
