,actual,predict
0,75.0,64.46919419851358
1,69.0,64.87286720890887
2,76.0,65.2053438632667
3,66.0,65.4817681181031
4,44.0,65.69569704154841
