,actual,predict
0,71.0,63.92828160400589
1,69.0,63.90447086618337
2,77.0,63.84978016858318
3,61.0,63.847344717115895
4,78.0,63.86068732670188
