,actual,predict
0,75.0,62.76446980374842
1,64.0,63.871114420830395
2,76.0,64.55241383889363
3,64.0,65.07002708288597
4,62.0,65.4242492437438
