,actual,predict
0,51.0,64.34134109852768
1,45.0,63.55932109560287
2,73.0,62.92263003102603
3,73.0,62.386880289254854
4,82.0,61.95127640576152
