,actual,predict
0,71.0,63.68468179406009
1,60.0,63.81767137850014
2,75.0,63.96233174495433
3,73.0,64.11706737225505
4,35.0,64.27898514597906
