,actual,predict
0,49.0,63.18610913427325
1,70.0,62.45770738989757
2,61.0,61.99659476634277
3,77.0,61.67303667762935
4,69.0,61.42870605324133
