,actual,predict
0,39.0,63.51990335786985
1,46.0,62.32886436691239
2,66.0,61.48358029311968
3,69.0,60.793386601320776
4,63.0,60.21626098332015
