,actual,predict
0,48.0,61.57490657583622
1,68.0,61.91935033584029
2,45.0,62.231123626964944
3,74.0,62.4988152816925
4,65.0,62.73072823625846
