,actual,predict
0,72.0,62.20359444237048
1,67.0,63.35315237460106
2,69.0,64.14499453294356
3,67.0,64.792029411547
4,58.0,65.38474927387598
