,actual,predict
0,74.0,64.42972528683981
1,74.0,64.54425036392712
2,47.0,64.64789520633015
3,65.0,64.73678593997441
4,70.0,64.83259226164215
