,actual,predict
0,72.0,63.17846893003679
1,53.0,63.97118117325639
2,68.0,64.51042753231701
3,49.0,64.74528168184608
4,72.0,65.03480143657129
