,actual,predict
0,80.0,64.30128326407055
1,76.0,61.972696501612866
2,72.0,60.321495689213904
3,64.0,58.97382993509738
4,67.0,58.35804170452036
