,actual,predict
0,65.0,62.223131863185294
1,50.0,63.24559483469829
2,71.0,64.02234108961663
3,70.0,64.60370719819826
4,74.0,65.02046574564748
