,actual,predict
0,68.0,61.86231132618965
1,48.0,61.923911255948774
2,70.0,61.9621105754272
3,49.0,61.999277151068874
4,67.0,61.958821558787285
