,actual,predict
0,52.0,63.41805133164825
1,50.0,63.39528993306349
2,43.0,63.366587388956084
3,53.0,63.32493489657972
4,57.0,63.279904221183
