,actual,predict
0,27.0,65.17269921841199
1,78.0,64.69665973680975
2,44.0,64.28278646731786
3,78.0,63.87620880982814
4,75.0,63.510149845808115
