,actual,predict
0,77.0,61.77755648454621
1,68.0,62.62429901035038
2,70.0,63.33374791897489
3,48.0,63.99095611240738
4,54.0,64.70728399543172
