,actual,predict
0,70.0,59.8148747476114
1,52.0,60.40655067083334
2,38.0,60.91717706700499
3,76.0,61.31263784888589
4,38.0,61.59869867845701
