,actual,predict
0,51.0,63.900706277952715
1,68.0,67.0071747440225
2,72.0,68.82499710341494
3,51.0,69.79315658465372
4,72.0,70.28716361998784
