,actual,predict
0,59.0,62.06064648742124
1,64.0,65.96150075881901
2,77.0,68.13651434995202
3,76.0,69.3513402622277
4,73.0,70.00760972466925
