,actual,predict
0,72.0,62.52046846077175
1,47.0,61.46938220133143
2,57.0,60.60173126513579
3,77.0,59.92923806106973
4,60.0,59.42326005600002
