,actual,predict
0,62.0,61.7329394334877
1,62.0,59.63610383767144
2,71.0,58.093798273331515
3,54.0,56.9594191117487
4,65.0,56.14374756676048
