,actual,predict
0,76.0,64.3370257985722
1,54.0,64.43802050354348
2,79.0,64.5538806931246
3,79.0,64.58351334042267
4,66.0,64.63911447542516
