,actual,predict
0,67.0,61.39120991129827
1,45.0,65.69380208204736
2,61.0,67.99252572046242
3,62.0,69.25359496075302
4,78.0,69.97260378308054
