,actual,predict
0,52.0,63.20896792325222
1,75.0,62.95809615801832
2,56.0,62.70680343579898
3,69.0,62.44688550238068
4,61.0,62.182208752153166
