,actual,predict
0,59.0,62.270276099518945
1,70.0,62.87187206059872
2,66.0,63.46435622171657
3,51.0,64.07925229727395
4,58.0,64.63167778180188
