,actual,predict
0,51.0,63.758553916522494
1,69.0,64.55179577542324
2,55.0,65.0623162908437
3,76.0,65.4858011970274
4,77.0,65.81016343482734
