,actual,predict
0,48.0,63.13161314005239
1,42.0,62.130109171080015
2,56.0,61.36146349685052
3,38.0,60.87813888842986
4,44.0,60.456115428384436
