,actual,predict
0,47.0,66.85989143885972
1,71.0,64.84851383991901
2,49.0,63.56411534047221
3,59.0,62.361236770081454
4,69.0,61.50781965582076
