,actual,predict
0,56.0,62.92985244518406
1,34.0,62.00453518374703
2,51.0,61.21589662901589
3,57.0,60.51860321042073
4,78.0,59.93285016748849
