,actual,predict
0,71.0,61.60718502242479
1,59.0,61.21195505738331
2,74.0,60.801132548286354
3,73.0,60.54940612696916
4,48.0,60.32256794769429
