,actual,predict
0,46.0,61.97236200431329
1,71.0,61.30487868016478
2,36.0,60.93433499687942
3,64.0,60.71204864480452
4,41.0,60.59995533473056
