,actual,predict
0,54.0,63.39295203264513
1,73.0,63.00809695865639
2,60.0,62.6456176746007
3,38.0,62.324834223056634
4,72.0,62.233666593955284
