,actual,predict
0,40.0,64.62170908629194
1,77.0,63.75920466071859
2,61.0,63.0898359191079
3,76.0,62.56422896089268
4,72.0,62.189146428448346
