,actual,predict
0,71.0,66.0
1,49.0,66.66666666666667
2,69.0,66.66666666666667
3,43.0,66.66666666666667
4,59.0,66.66666666666667
